id	is_active	created_at	updated_at	city	state	zone
1	1	NULL	NULL	PANIPAT FSB	HARYANA	NORTH
2	1	NULL	NULL	PUNE	Maharashtra	WEST
3	1	NULL	NULL	KOLAPHUR	MAHARASHTRA	WEST
4	1	NULL	NULL	KOLHAPUR	Maharashtra	WEST
5	1	NULL	NULL	NASIK	MAHARASHTRA	WEST
6	1	NULL	NULL	NASIK	ROM	WEST
7	1	NULL	NULL	MUMBAI	Maharashtra	WEST
8	1	NULL	NULL	RAIPUR	Uttaranchal	WEST
9	1	NULL	NULL	NAGPUR	Maharashtra	WEST
10	1	NULL	NULL	AHMEDABAD	Gujarat	WEST
11	1	NULL	NULL	BARODA	GUJARAT	WEST
12	1	NULL	NULL	ANAND	Gujarat	WEST
13	1	NULL	NULL	BHARUCH	Gujarat	WEST
14	1	NULL	NULL	SURAT	Gujarat	WEST
15	1	NULL	NULL	JAMNAGAR	Gujarat	WEST
16	1	NULL	NULL	BHAVNAGAR	Gujarat	WEST
17	1	NULL	NULL	MEHSANA	Gujarat	WEST
18	1	NULL	NULL	HIMMATNAGAR	Gujarat	WEST
19	1	NULL	NULL	BHOPAL	Madhya Pradesh	WEST
20	1	NULL	NULL	INDORE	Madhya Pradesh	WEST
21	1	NULL	NULL	KOLKATA	West Bengal	EAST
22	1	NULL	NULL	CUTTACK	Orissa	EAST
23	1	NULL	NULL	GUWAHATI	Assam	EAST
24	1	NULL	NULL	KHARAGPUR	West Bengal	EAST
25	1	NULL	NULL	JAMSHEDPUR	Jharkhand	EAST
26	1	NULL	NULL	BHUBANESHWAR	ORISSA	EAST
27	1	NULL	NULL	SILIGURI	West Bengal	EAST
28	1	NULL	NULL	RANCHI	Jharkhand	EAST
29	1	NULL	NULL	DURGAPUR WB	WEST BENGAL	EAST
30	1	NULL	NULL	ASANSOL	West Bengal	EAST
31	1	NULL	NULL	ROURKELA	Odisha	EAST
32	1	NULL	NULL	BANGALORE	Karnataka	SOUTH
33	1	NULL	NULL	MYSORE	Karnataka	SOUTH
34	1	NULL	NULL	HUBLI	KARNATAKA	SOUTH
35	1	NULL	NULL	DELHI	DELHI	NORTH
36	1	NULL	NULL	GURGAON	Haryana	NORTH
37	1	NULL	NULL	Delhi	DELHI	NORTH
38	1	NULL	NULL	FARIDABAD	Haryana	NORTH
39	1	NULL	NULL	NOIDA	Uttar Pradesh	NORTH
40	1	NULL	NULL	GHAZIABAD	Uttar Pradesh	NORTH
41	1	NULL	NULL	KOTA	Chhattisgarh	NORTH
42	1	NULL	NULL	JODHPUR	Gujarat	NORTH
43	1	NULL	NULL	BIKANER	Rajasthan	NORTH
44	1	NULL	NULL	UDAIPUR	RAJASTHAN	NORTH
45	1	NULL	NULL	JAIPUR	Rajasthan	NORTH
46	1	NULL	NULL	AJMER	Rajasthan	NORTH
47	1	NULL	NULL	AGRA	Uttar Pradesh	NORTH
48	1	NULL	NULL	DEHRADUN	UTTRAKHAND	NORTH
49	1	NULL	NULL	DEHRADUN	UTTARAKHAND	NORTH
50	1	NULL	NULL	KANPUR	Uttar Pradesh	NORTH
51	1	NULL	NULL	LUCKNOW	Uttar Pradesh	NORTH
52	1	NULL	NULL	ZIRAKPUR	Punjab	NORTH
53	1	NULL	NULL	CHANDIGARH	Chandigarh *	NORTH
54	1	NULL	NULL	KARNAL	Haryana	NORTH
55	1	NULL	NULL	AMBALA	Haryana	NORTH
56	1	NULL	NULL	PATIALA	Punjab	NORTH
57	1	NULL	NULL	CHENNAI	Tamil Nadu	SOUTH
58	1	NULL	NULL	TRICHY	Tamil Nadu	SOUTH
59	1	NULL	NULL	Chennai	Tamil Nadu	SOUTH
60	1	NULL	NULL	LUDHIANA	Punjab	NORTH
61	1	NULL	NULL	AMRITSAR	Punjab	NORTH
62	1	NULL	NULL	JALANDHAR	Punjab	NORTH
63	1	NULL	NULL	BATHINDA	Punjab	NORTH
64	1	NULL	NULL	HYDERABAD	Uttar Pradesh	SOUTH
65	1	NULL	NULL	Hyderabad	Uttar Pradesh	SOUTH
66	1	NULL	NULL	VISAKAPATNAM	ANDHRA PRADESH	SOUTH
67	1	NULL	NULL	VIJAYAWADA	Andhra Pradesh	SOUTH
68	1	NULL	NULL	GUNTUR	Andhra Pradesh	SOUTH
69	1	NULL	NULL	RAJAHMUNDRY	Andhra Pradesh	SOUTH
70	1	NULL	NULL	KAKINADA	Andhra Pradesh	SOUTH
71	1	NULL	NULL	COCHIN	KERALA	SOUTH
72	1	NULL	NULL	THRISSUR	Kerala	SOUTH
73	1	NULL	NULL	TRIVANDRUM	Kerala	SOUTH
74	1	NULL	NULL	CALICUT	KERALA	SOUTH
75	1	NULL	NULL	COIMBATORE	Tamil Nadu	SOUTH
76	1	NULL	NULL	SALEM	Tamil Nadu	SOUTH
77	1	NULL	NULL	PONDICHERRY	Pondicherry *	SOUTH
78	1	NULL	NULL	MADURAI	Tamil Nadu	SOUTH
79	1	NULL	NULL	VELLOR	TAMIL NADU	SOUTH
80	1	NULL	NULL	BELGAUM	Karnataka	SOUTH
81	1	NULL	NULL	YAMUNA NAGAR	HARYANA	NORTH
82	1	NULL	NULL	YAMUNANAGAR	Haryana	NORTH
83	1	NULL	NULL	JAMSHEDPUR	JHARKHAND	EAST
84	1	NULL	NULL	RAJKOT	Gujarat	WEST
85	1	NULL	NULL	BANGALORE	KARNATAKA	SOUTH
86	1	NULL	NULL	LUCKNOW	UTTAR PRADESH	NORTH
87	1	NULL	NULL	MUMBAI	MAHARASHTRA	WEST
88	1	NULL	NULL	HYDERABAD	TELENGANA	SOUTH
89	1	NULL	NULL	RAJKOT	GUJARAT	WEST
90	1	NULL	NULL	SALEM	TAMILNADU	SOUTH
91	1	NULL	NULL	CUTTACK	ORISA	EAST
92	1	NULL	NULL	RAIPUR	CHHATISGARH	WEST
93	1	NULL	NULL	COCHIN	KERLA	SOUTH
94	1	NULL	NULL	KOLKATA	WEST BENGAL	EAST
95	1	NULL	NULL	JALANDHAR	PUNJAB	NORTH
96	1	NULL	NULL	CHENNAI	TAMILNADU	SOUTH
97	1	NULL	NULL	JODHPUR	RAJASTHAN	NORTH
98	1	NULL	NULL	GUNTUR	ANDHRA PRADESH	SOUTH
99	1	NULL	NULL	AMRITSAR	PUNJAB	NORTH
100	1	NULL	NULL	PATIALA	PUNJAB	NORTH
101	1	NULL	NULL	VELLOR	TAMILNADU	SOUTH
102	1	NULL	NULL	SURAT	GUJARAT	WEST
103	1	NULL	NULL	GUWAHATI	ASSAM	EAST
104	1	NULL	NULL	JAIPUR	RAJASTHAN	NORTH
105	1	NULL	NULL	AHMEDABAD	GUJARAT	WEST
106	1	NULL	NULL	COIMBATORE	TAMILNADU	SOUTH
107	1	NULL	NULL	CHANDIGARH	CHANDIGARH	NORTH
108	1	NULL	NULL	AJMER	RAJASTHAN	NORTH
109	1	NULL	NULL	BHOPAL	MADHYA PRADESH	WEST
110	1	NULL	NULL	BHUBANESHWAR	ORISA	EAST
111	1	NULL	NULL	INDORE	MADHYA PRADESH	WEST
112	1	NULL	NULL	KANPUR	UTTAR PRADESH	NORTH
113	1	NULL	NULL	KOLHAPUR	MAHARASHTRA	WEST
114	1	NULL	NULL	KOTA	RAJASTHAN	NORTH
115	1	NULL	NULL	LUDHIANA	PUNJAB	NORTH
116	1	NULL	NULL	MYSORE	KARNATAKA	SOUTH
117	1	NULL	NULL	NAGPUR	MAHARASHTRA	WEST
118	1	NULL	NULL	PUNE	MAHARASHTRA	WEST
119	1	NULL	NULL	SILIGURI	WEST BENGAL	EAST
120	1	NULL	NULL	VISAKHAPATNAM	ANDHRA PRADESH	SOUTH
121	1	NULL	NULL	VIJAYAWADA	ANDHRA PRADESH	SOUTH
122	1	NULL	NULL	MADURAI	TAMILNADU	SOUTH
123	1	NULL	NULL	VELLORE	TAMILNADU	SOUTH
124	1	NULL	NULL	TRIVANDRUM	KERLA	SOUTH
125	1	NULL	NULL	UDAIPUR	RAJASTHAN	NORTH
126	1	NULL	NULL	PANIPAT	HARYANA	NORTH
127	1	NULL	NULL	BHARUCH	GUJARAT	WEST
128	1	NULL	NULL	DURGAPUR	WEST BENGAL	EAST
129	1	NULL	NULL	PONDICHERY	PUDUCHERRY(UT)	SOUTH
130	1	NULL	NULL	RANCHI	JHARKHAND	EAST
131	1	NULL	NULL	CALICUT	KERLA	SOUTH
132	1	NULL	NULL	AMBALA	HARYANA	NORTH
133	1	NULL	NULL	ANAND	GUJARAT	WEST
134	1	NULL	NULL	ROURKELA	ORISA	EAST
135	1	NULL	NULL	TIRUPUR	TAMILNADU	SOUTH
136	1	NULL	NULL	Mumbai	Maharashtra	WEST
137	1	NULL	NULL	AGRA	UTTAR PRADESH	NORTH
138	1	NULL	NULL	KARNAL	HARYANA	NORTH
139	1	NULL	NULL	BHAVNAGAR	GUJARAT	WEST
140	1	NULL	NULL	GURGAON	HARYANA	NORTH
141	1	NULL	NULL	FARIDABAD	HARYANA	NORTH
142	1	NULL	NULL	TIRUPUR	TAMIL NADU	SOUTH
143	1	NULL	NULL	NAGPUR	Maharashtra	west
144	1	NULL	NULL	HOSUR	Tamil Nadu	SOUTH
145	1	NULL	NULL	HOSUR	TAMILNADU	SOUTH
146	1	NULL	NULL	BELGAUM	KARNATAKA	SOUTH
147	1	NULL	NULL	THRISSUR	KERLA	SOUTH
148	1	NULL	NULL	BATHINDA	PUNJAB	NORTH
149	1	NULL	NULL	AJMER ALLIANCE	RAJASTHAN	NORTH
150	1	NULL	NULL	Bangalore	Karnataka	SOUTH
151	1	NULL	NULL	ASANSOL	WEST BENGAL	EAST
152	1	NULL	NULL	GWALIOR FSB	MADHYA PRADESH	WEST
153	1	NULL	NULL	GWALIOR	MADHYA PRADESH	WEST
154	1	NULL	NULL	JABALPUR FSB	MADHYA PRADESH	WEST
155	1	NULL	NULL	PALAMU ALLIANCE	JHARKHAND	EAST
156	1	NULL	NULL	SITAPUR ALLIANCE	UTTAR PRADESH	NORTH
157	1	NULL	NULL	VALSAD	Gujarat	WEST
158	1	NULL	NULL	TIRUPATI	Andhra Pradesh	SOUTH
159	1	NULL	NULL	NELLORE	Andhra Pradesh	SOUTH
160	1	NULL	NULL	ERODE FSB	TAMIL NADU	SOUTH
161	1	NULL	NULL	Vijayawada	Andhra Pradesh	SOUTH
162	1	NULL	NULL	KAKINADA	ANDHRA PRADESH	SOUTH
163	1	NULL	NULL	Bangalore	Karnataka	South
164	1	NULL	NULL	Andhra Pradesh	Anantapur	South
165	1	NULL	NULL	BARABANKI ALLIANCE	UTTAR PRADESH	NORTH
166	1	NULL	NULL	JABALPUR	MADHYA PRADESH	WEST
167	1	NULL	NULL	PATNA ALLIANCE	BIHAR	NORTH
168	1	NULL	NULL	Talegaon	Maharashtra	West
169	1	NULL	NULL	Udaipur	RAJASTHAN	NORTH
170	1	NULL	NULL	Nagpur	Maharashtra	West
171	1	NULL	NULL	Ghaziabad	Uttar Pradesh	North
172	1	NULL	NULL	Lucknow	Uttar Pradesh	North
173	1	NULL	NULL	GHAZIABAD	Uttar Pradesh	North
174	1	NULL	NULL	Jalandhar	Punjab	North
175	1	NULL	NULL	Mysore	Karnataka	South
176	1	NULL	NULL	Jaipur	Rajasthan	North
177	1	NULL	NULL	Agra	Uttar Pradesh	North
178	1	NULL	NULL	Pune	Maharashtra	West
179	1	NULL	NULL	Ahmedabad	Gujarat	West
180	1	NULL	NULL	Jodhpur	Gujarat	North
181	1	NULL	NULL	Uruli Kanchan	Maharashtra	West
182	1	NULL	NULL	B N  Reddy Nagar	Hydrabad	South
183	1	NULL	NULL	Ludhiana	Punjab	North
184	1	NULL	NULL	ZIRAKPUR	Punjab	North
185	1	NULL	NULL	KANPUR	Uttar Pradesh	North
186	1	NULL	NULL	Bhopal	Madhya Pradesh	West
187	1	NULL	NULL	Behala	West Bengal	East
188	1	NULL	NULL	Hosur	Tamil Nadu	South
189	1	NULL	NULL	Gurgaon	Haryana	North
190	1	NULL	NULL	Siliguri	West Bengal	East
191	1	NULL	NULL	Vijayanagara	Karnataka	South
192	1	NULL	NULL	Kolkata	West Bengal	East
193	1	NULL	NULL	Kanpur	Uttar Pradesh	North
194	1	NULL	NULL	Dehradun	Uttar Pradesh	North
195	1	NULL	NULL	Thane	Maharashtra	West
196	1	NULL	NULL	Poonamallee	Tamil Nadu	South
197	1	NULL	NULL	Ajmer	Rajasthan	North
198	1	NULL	NULL	MADURAI	Tamil Nadu	South
199	1	NULL	NULL	Guwahati	Assam	East
200	1	NULL	NULL	Perambur	Tamil Nadu	South
201	1	NULL	NULL	DEHRADUN	Uttar Pradesh	North
202	1	NULL	NULL	Raipur	Uttaranchal	West
203	1	NULL	NULL	Tambaram	Tamil Nadu	South
204	1	NULL	NULL	Ambattur	Tamil Nadu	South
205	1	NULL	NULL	Kalyan	Mumbai	West
206	1	NULL	NULL	Mysore	Karnataka	North
207	1	NULL	NULL	NAGPUR	Maharashtra	West
208	1	NULL	NULL	Rajkot	Gujarat	WEST
209	1	NULL	NULL	Vijayawada	Andhra Pradesh	South
210	1	NULL	NULL	Surat	Gujarat	West
211	1	NULL	NULL	CHINCHWAD	Maharashtra	West
212	1	NULL	NULL	Dewas	Madhya Pradesh	West
213	1	NULL	NULL	AGRA	Uttar Pradesh	North
214	1	NULL	NULL	Faridabad	Haryana	North
215	1	NULL	NULL	Karnal	Haryana	North
216	1	NULL	NULL	LUDHIANA	Punjab	North
217	1	NULL	NULL	Guntur	Andhra Pradesh	South
218	1	NULL	NULL	Chinchwad	Maharashtra	West
219	1	NULL	NULL	Rajkot	Gujarat	West
220	1	NULL	NULL	Delhi	DELHI	North
221	1	NULL	NULL	Chandigarh	Chandigarh *	North
222	1	NULL	NULL	Baroda	Gujarat	WEST
223	1	NULL	NULL	Guwahati	Assam	South
224	1	NULL	NULL	CHENNAI	Tamil Nadu	South
225	1	NULL	NULL	Chennai	Tamil Nadu	South
226	1	NULL	NULL	KALYAN	Mumbai	West
227	1	NULL	NULL	Indore	Madhya Pradesh	West
228	1	NULL	NULL	JAIPUR	Rajasthan	North
229	1	NULL	NULL	Bhopal	Madhya Pradesh	South
230	1	NULL	NULL	Andheri	Mumbai	South
231	1	NULL	NULL	Hyderabad	Uttar Pradesh	South
232	1	NULL	NULL	LUCKNOW	Uttar Pradesh	North
233	1	NULL	NULL	BHOPAL	West	West
234	1	NULL	NULL	Suchitra	Andhra Pradesh	South
235	1	NULL	NULL	Madurai	Tamil Nadu	South
236	1	NULL	NULL	CHANDIGARH	Chandigarh *	North
237	1	NULL	NULL	Uppal	Andhra Pradesh	South
238	1	NULL	NULL	SURAT	Gujarat	West
239	1	NULL	NULL	KOLKATA	West Bengal	East
240	1	NULL	NULL	NOIDA	Uttar Pradesh	North
241	1	NULL	NULL	Kolhapur	Maharashtra	West
242	1	NULL	NULL	JODHPUR	Gujarat	North
243	1	NULL	NULL	Madurai	Tamil Nadu	North
244	1	NULL	NULL	PUNE	Maharashtra	West
245	1	NULL	NULL	FARIDABAD	Haryana	North
246	1	NULL	NULL	Noida	Uttar Pradesh	North
247	1	NULL	NULL	DELHI	DELHI	North
248	1	NULL	NULL	Wagholi	Maharashtra	West
249	1	NULL	NULL	Panvel	Maharashtra	West
250	1	NULL	NULL	KARNAL	Haryana	North
251	1	NULL	NULL	INDORE	Madhya Pradesh	West
252	1	NULL	NULL	Bhel	Andhra Pradesh	South
253	1	NULL	NULL	Jalandhar	Punjab	South
254	1	NULL	NULL	TAMBARAM	Tamil Nadu	South
255	1	NULL	NULL	GURGAON	Haryana	North
256	1	NULL	NULL	Vijayanagara	Karnataka	South
257	1	NULL	NULL	Coimbatore	Tamil Nadu	South
258	1	NULL	NULL	Uttam Nagar	NCR	North
259	1	NULL	NULL	Peenya	Karnataka	South
260	1	NULL	NULL	Hubli	Karnataka	South
261	1	NULL	NULL	Zirakpur	Punjab	North
262	1	NULL	NULL	Belgaum	Karnataka	South
263	1	NULL	NULL	Virar	Maharashtra	West
264	1	NULL	NULL	Jaipur	Rajasthan	South
265	1	NULL	NULL	Ambattur	Tamil Nadu	North
266	1	NULL	NULL	Ranchi	Jharkhand	East
267	1	NULL	NULL	Andheri	Mumbai	West
268	1	NULL	NULL	Odhav	Gujarat	West
269	1	NULL	NULL	Pithampur	Madhya Pradesh	West
270	1	NULL	NULL	Jaipur	Rajasthan	West
271	1	NULL	NULL	Vijaynagara	Karnataka	South
272	1	NULL	NULL	Uttam Nagar	NCR	South
273	1	NULL	NULL	Kolkata	West Bengal	North
274	1	NULL	NULL	Karnal	Haryana	North
275	1	NULL	NULL	Faridabad	Haryana	West
276	1	NULL	NULL	Ghaziabad	Uttar Pradesh	South
277	1	NULL	NULL	Zirakpur	Punjab	West
278	1	NULL	NULL	Baroda	Gujarat	West
279	1	NULL	NULL	Salem	Tamil Nadu	South
280	1	NULL	NULL	Vijaynagar	Karnataka	South
281	1	NULL	NULL	Faridabad	Haryana	South
282	1	NULL	NULL	TALEGAON	Maharashtra	West
283	1	NULL	NULL	INDORE/PITHAMPUR	West	West
284	1	NULL	NULL	Durgapur	West Bengal	East
285	1	NULL	NULL	Guwahati	Assam	North
286	1	NULL	NULL	Pune	Maharashtra	North
287	1	NULL	NULL	Udaipur	RAJASTHAN	NORTH
288	1	NULL	NULL	Ambattur	Tamil Nadu	West
289	1	NULL	NULL	Nashik	Maharashtra	West
290	1	NULL	NULL	Durgapur	West Bengal	East
291	1	NULL	NULL	Ambala	Haryana	North
292	1	NULL	NULL	SALEM	Tamil Nadu	South
293	1	NULL	NULL	Bikaner	Rajasthan	North
294	1	NULL	NULL	Hyderabad	Uttar Pradesh	North
295	1	NULL	NULL	Nashik	Maharashtra	West
296	1	NULL	NULL	HYDERABAD	Uttar Pradesh	South
297	1	NULL	NULL	Jamshedpur	Jharkhand	East
298	1	NULL	NULL	Patiala	Punjab	South
299	1	NULL	NULL	Patiala	Punjab	North
300	1	NULL	NULL	Yamunanagar	Haryana	North
301	1	NULL	NULL	Coimbatore	Tamil Nadu	SOUTH
302	1	NULL	NULL	RAIPUR	Uttaranchal	EAST
303	1	NULL	NULL	BHUBNESHWAR	ORISSA	EAST
304	1	NULL	NULL	HAZARIBAGH ALLIANCE	JHARKHAND	EAST
305	1	NULL	NULL	BEGUSARAI ALLIANCE	BIHAR	EAST
306	1	NULL	NULL	RAJAHMUNDRY	ANDHRA PRADESH	SOUTH
307	1	NULL	NULL	ERODE FSB	TAMILNADU	SOUTH
308	1	NULL	NULL	BHUBANESHWAR	ODISHA	EAST
309	1	NULL	NULL	DEHRADUN	UTTARANCHAL	NORTH
310	1	NULL	NULL	PUNE	Maharashtra	NORTH
311	1	NULL	NULL	VISAKHAPATNAM	Andhra Pradesh	SOUTH
312	1	NULL	NULL	Peenya	Karnataka	SOUTH
313	1	NULL	NULL	Madurai	Tamil Nadu	WEST
314	1	NULL	NULL	Faridabad	Haryana	SOUTH
315	1	NULL	NULL	Madurai	Tamil Nadu	NORTH
316	1	NULL	NULL	Uttam Nagar	NCR	NORTH
317	1	NULL	NULL	Madurai	Tamil Nadu	SOUTH
318	1	NULL	NULL	Lucknow	Uttar Pradesh	NORTH
319	1	NULL	NULL	Ambattur	Tamil Nadu	SOUTH
320	1	NULL	NULL	Dehradun	Uttar Pradesh	NORTH
321	1	NULL	NULL	Patiala	Punjab	NORTH
322	1	NULL	NULL	Hubli	Karnataka	SOUTH
323	1	NULL	NULL	Vijayanagara	Karnataka	SOUTH
324	1	NULL	NULL	Bhel	Andhra Pradesh	NORTH
325	1	NULL	NULL	Faridabad	Haryana	WEST
326	1	NULL	NULL	Ahmedabad	Gujarat	SOUTH
327	1	NULL	NULL	Suchitra	Andhra Pradesh	NORTH
328	1	NULL	NULL	Noida	Uttar Pradesh	SOUTH
329	1	NULL	NULL	Raipur	Uttaranchal	NORTH
330	1	NULL	NULL	Raipur	Uttaranchal	WEST
331	1	NULL	NULL	Virar	Maharashtra	EAST
332	1	NULL	NULL	Ambattur	Tamil Nadu	NORTH
333	1	NULL	NULL	Ambala	Haryana	WEST
334	1	NULL	NULL	Ahmedabad	Gujarat	WEST
335	1	NULL	NULL	Andheri	Mumbai	WEST
336	1	NULL	NULL	Andheri	Mumbai	NORTH
337	1	NULL	NULL	BHOPAL	Madhya Pradesh	West
338	1	NULL	NULL	Hosur	Tamil Nadu	NORTH
339	1	NULL	NULL	Karnal	Haryana	NORTH
340	1	NULL	NULL	Karnal	Haryana	SOUTH
341	1	NULL	NULL	LUDHIANA	Punjab	South
342	1	NULL	NULL	JALANDHAR	Punjab	South
343	1	NULL	NULL	DELHI	DELHI	north
344	1	NULL	NULL	KOLKATA	West Bengal	East
345	1	NULL	NULL	SURAT	Gujarat	west
346	1	NULL	NULL	NAGPUR	Maharashtra	west
347	1	NULL	NULL	GUWAHATI	Assam	north
348	1	NULL	NULL	JAIPUR	Rajasthan	west
349	1	NULL	NULL	COIMBATORE	Tamil Nadu	SOUTH
350	1	NULL	NULL	MADURAI	Tamil Nadu	SOUTH
351	1	NULL	NULL	CHENNAI	Tamil Nadu	SOUTH
352	1	NULL	NULL	TRIVANDRUM	Kerala	west
353	1	NULL	NULL	SALEM	Tamil Nadu	SOUTH
354	1	NULL	NULL	JAMNAGAR	Gujarat	west
355	1	NULL	NULL	AHMEDABAD	Gujarat	west
356	1	NULL	NULL	CALICUT	NA	west
357	1	NULL	NULL	HIMMATNAGAR	Gujarat	west
358	1	NULL	NULL	MUMBAI	Maharashtra	west
359	1	NULL	NULL	KARNAL	Haryana	west
360	1	NULL	NULL	AMBALA	Haryana	west
361	1	NULL	NULL	Pune	Maharashtra	WEST
362	1	NULL	NULL	BHOPAL	Madhya Pradesh	North
363	1	NULL	NULL	CHANDIGARH	Chandigarh *	North
364	1	NULL	NULL	COCHIN	Kerala	SOUTH
365	1	NULL	NULL	PATIALA	Punjab	north
366	1	NULL	NULL	TRICHY	Tamil Nadu	SOUTH
367	1	NULL	NULL	PONDICHERRY	Pondicherry *	SOUTH
368	1	NULL	NULL	NASIK	Maharashtra	west
369	1	NULL	NULL	BIKANER	Rajasthan	west
370	1	NULL	NULL	KOTA	Chhattisgarh	west
371	1	NULL	NULL	DEHRADUN	NA	west
372	1	NULL	NULL	RAJKOT	Gujarat	west
373	1	NULL	NULL	NA	NA	west
374	1	NULL	NULL	BANGALORE	Karnataka	west
375	1	NULL	NULL	PUNE	Maharashtra	west
376	1	NULL	NULL	INDORE	Madhya Pradesh	north
377	1	NULL	NULL	KOLHAPUR	Maharashtra	west
378	1	NULL	NULL	ANAND	Gujarat	west
379	1	NULL	NULL	BATHINDA	Punjab	west
380	1	NULL	NULL	UDAIPUR	RAJASTHAN	NORTH
381	1	NULL	NULL	SILIGURI	West Bengal	East
382	1	NULL	NULL	JODHPUR	Gujarat	west
383	1	NULL	NULL	CUTTACK	Orissa	west
384	1	NULL	NULL	PANIPAT FSB	NA	west
385	1	NULL	NULL	HUBLI	NA	west
386	1	NULL	NULL	RAIPUR	Uttaranchal	west
387	1	NULL	NULL	HARIDWAR	NA	west
388	1	NULL	NULL	HYDERABAD	Uttar Pradesh	NORTH
389	1	NULL	NULL	RANCHI	Jharkhand	west
390	1	NULL	NULL	AJMER	Rajasthan	west
391	1	NULL	NULL	UDAIPUR	RAJASTHAN	NORTH
392	1	NULL	NULL	JAMSHEDPUR	Jharkhand	west
393	1	NULL	NULL	VIJAYAWADA	Andhra Pradesh	SOUTH
394	1	NULL	NULL	BHUBANESHWAR	NA	west
395	1	NULL	NULL	RAJAHMUNDRY	Andhra Pradesh	SOUTH
396	1	NULL	NULL	VISAKAPATNAM	NA	west
397	1	NULL	NULL	KAKINADA	Andhra Pradesh	SOUTH
398	1	NULL	NULL	VELLOR	NA	west
399	1	NULL	NULL	GUNTUR	Andhra Pradesh	SOUTH
400	1	NULL	NULL	BHAVNAGAR	Gujarat	west
401	1	NULL	NULL	NAGERCOIL	Tamil Nadu	SOUTH
402	1	NULL	NULL	RANCHI	Jharkhand	East
403	1	NULL	NULL	Rajahmundry	Andhra Pradesh	South
404	1	NULL	NULL	Rajahmundry	Andhra Pradesh	SOUTH
405	1	NULL	NULL	Panvel	Maharashtra	WEST
406	1	NULL	NULL	Suchitra	Andhra Pradesh	SOUTH
407	1	NULL	NULL	Kolkata	West Bengal	EAST
408	1	NULL	NULL	Nagpur	Maharashtra	WEST
409	1	NULL	NULL	WARANGAL	Andhra Pradesh	SOUTH
410	1	NULL	NULL	VAPI	Gujarat	WEST
411	1	NULL	NULL	Mumbai	Maharashtra	West
412	1	NULL	NULL	BARODA	NA	west
413	1	NULL	NULL	BIKANER	RAJASTHAN	NORTH
414	1	NULL	NULL	AHMEDABAD	Gujarat	West
415	1	NULL	NULL	TRIVANDRUM	Kerala	WEST
416	1	NULL	NULL	DEHRADUN	UTTARAKHAND	North
417	1	NULL	NULL	SURAT	Gujarat	WEST
418	1	NULL	NULL	DEWAS	Madhya Pradesh	WEST
419	1	NULL	NULL	BHOPAL	Madhya Pradesh	WEST
420	1	NULL	NULL	INDORE	Madhya Pradesh	WEST
421	1	NULL	NULL	AHMEDABAD	Gujarat	WEST
422	1	NULL	NULL	RAJKOT	Gujarat	WEST
423	1	NULL	NULL	BARODA	GUJARAT	WEST
424	1	NULL	NULL	BHUBANESWAR	Orissa	EAST
425	1	NULL	NULL	GURGAON	Haryana	NORTH
426	1	NULL	NULL	GHAZIABAD	Uttar Pradesh	NORTH
427	1	NULL	NULL	DELHI	DELHI	NORTH
428	1	NULL	NULL	KANPUR	Uttar Pradesh	NORTH
429	1	NULL	NULL	LUCKNOW	Uttar Pradesh	NORTH
430	1	NULL	NULL	FARIDABAD	Haryana	NORTH
431	1	NULL	NULL	AJMER	Rajasthan	NORTH
432	1	NULL	NULL	JAIPUR	Rajasthan	NORTH
433	1	NULL	NULL	JODHPUR	Gujarat	West
434	1	NULL	NULL	UDAIPUR	RAJASTHAN	NORTH
435	1	NULL	NULL	LUDHIANA	Punjab	North
436	1	NULL	NULL	PATIALA	Punjab	North
437	1	NULL	NULL	HARIDWAR	Uttaranchal	NORTH
438	1	NULL	NULL	RISHIKESH	Uttaranchal	NORTH
439	1	NULL	NULL	DEHRADUN	Uttaranchal	NORTH
440	1	NULL	NULL	PEENYA	Karnataka	SOUTH
441	1	NULL	NULL	VIJAY NAGAR	KARNATAKA	SOUTH
442	1	NULL	NULL	KORAMANGALA	KARNATAKA	SOUTH
443	1	NULL	NULL	AMBATTUR	Tamil Nadu	SOUTH
444	1	NULL	NULL	POONAMALLEE	Tamil Nadu	SOUTH
445	1	NULL	NULL	VELLORE	Tamil Nadu	SOUTH
446	1	NULL	NULL	MUMBAI	Maharashtra	West
447	1	NULL	NULL	NASHIK	Maharashtra	WEST
448	1	NULL	NULL	Nasik	MAHARASHTRA	WEST
449	1	NULL	NULL	COCHIN	COCHIN	SOUTH
450	1	NULL	NULL	BANAGALORE	KARNATAKA	SOUTH
451	1	NULL	NULL	VISAKHAPATNAM	Andhra Pradesh	SOUTH
452	1	NULL	NULL	VIJAYWADA	ANDHRA PRADESH	SOUTH
453	1	NULL	NULL	Gujarat	Surat	West
454	1	NULL	NULL	Karnataka	Bangalore	SOUTH
455	1	NULL	NULL	Uttarakhand	Dehradun	North
456	1	NULL	NULL	Maharashtra	Pune	West
457	1	NULL	NULL	Surat	Gujarat	west
458	1	NULL	NULL	Madhya Pradesh	Bhopal	West
459	1	NULL	NULL	Raipur	Uttaranchal	west
460	1	NULL	NULL	Madhya Pradesh	Indore	West
461	1	NULL	NULL	Uttaranchal	Raipur	East
462	1	NULL	NULL	Andhra Pradesh	Visakapatnam	SOUTH
463	1	NULL	NULL	Maharashtra	Mumbai	West
464	1	NULL	NULL	Rajasthan	Rajasthan	North
465	1	NULL	NULL	Uttar Pradesh	Lucknow	North
466	1	NULL	NULL	Karnataka	Mysore	SOUTH
467	1	NULL	NULL	Tamil Nadu	Chennai	SOUTH
468	1	NULL	NULL	Mysore	Karnataka	west
469	1	NULL	NULL	Bhilwara	Rajasthan	west
470	1	NULL	NULL	Gujarat	Rajkot	West
471	1	NULL	NULL	Punjab	Amritsar	North
472	1	NULL	NULL	Maharashtra	Nagpur	West
473	1	NULL	NULL	Andhra Pradesh	Vijayawada	SOUTH
474	1	NULL	NULL	Gujarat	Ahmedabad	West
475	1	NULL	NULL	Uttar Pradesh	Kanpur	North
476	1	NULL	NULL	Haryana	Karnal	North
477	1	NULL	NULL	Ludhiana	Punjab	North
478	1	NULL	NULL	Gujarat	Jodhpur	North
479	1	NULL	NULL	Chandigarh *	Chandigarh	North
480	1	NULL	NULL	Punjab	Jalandhar	North
481	1	NULL	NULL	Tamil Nadu	Madurai	SOUTH
482	1	NULL	NULL	Punjab	Ludhiana	North
483	1	NULL	NULL	MYSORE	Karnataka	South
484	1	NULL	NULL	JAIPUR	Rajasthan	West
485	1	NULL	NULL	BARODA	Gujarat	WEST
486	1	NULL	NULL	BANGALORE	Karnataka	South
487	1	NULL	NULL	JALANDHAR	Punjab	North
488	1	NULL	NULL	AMBALA	Haryana	North
489	1	NULL	NULL	AJMER	Rajasthan	North
490	1	NULL	NULL	GUWAHATI	Assam	East
491	1	NULL	NULL	SILIGURI	West Bengal	East
492	1	NULL	NULL	BELGAUM	Karnataka	South
493	1	NULL	NULL	HUBLI	Karnataka	South
494	1	NULL	NULL	GUNTUR	Andhra Pradesh	South
495	1	NULL	NULL	YAMUNANAGAR	HARYANA	NORTH
496	1	NULL	NULL	Faridabad	Haryana	NORTH
497	1	NULL	NULL	Kolhapur	Maharashtra	west
498	1	NULL	NULL	Kolkata	West Bengal	East
499	1	NULL	NULL	Ranchi	Jharkhand	North
500	1	NULL	NULL	Jaipur	Rajasthan	NORTH
501	1	NULL	NULL	Lucknow	Uttar Pradesh	North
502	1	NULL	NULL	Yamunanagar	Haryana	NORTH
503	1	NULL	NULL	Ambala	Haryana	NORTH
504	1	NULL	NULL	Guwahati	Assam	EAST
505	1	NULL	NULL	Kalyan	Maharashtra	WEST
506	1	NULL	NULL	Kolhapur	Maharashtra	WEST
507	1	NULL	NULL	Jalandhar	Punjab	NORTH
508	1	NULL	NULL	Kanpur	Uttar Pradesh	North
509	1	NULL	NULL	Surat	Gujarat	WEST
510	1	NULL	NULL	Bathinda	Punjab	NORTH
511	1	NULL	NULL	Dehradun	Uttarakhand	EAST
512	1	NULL	NULL	Nasik	Maharashtra	WEST
513	1	NULL	NULL	Pune	Maharashtra	West
514	1	NULL	NULL	Pondicherry	Pondicherry *	West
515	1	NULL	NULL	Karnal	Haryana	EAST
516	1	NULL	NULL	Kanpur	Uttar Pradesh	NORTH
517	1	NULL	NULL	Vapi	Gujarat	west
518	1	NULL	NULL	Uttaranchal	RAIPUR	WEST
519	1	NULL	NULL	Vapi	Gujarat	WEST
520	1	NULL	NULL	Indore	Madhya Pradesh	west
521	1	NULL	NULL	Siliguri	West Bengal	NORTH
522	1	NULL	NULL	Uttar Pradesh	AGRA	NORTH
523	1	NULL	NULL	Cochin	Kerala	SOUTH
524	1	NULL	NULL	Bhopal	Madhya Pradesh	north
525	1	NULL	NULL	Mumbai	Maharashtra	west
526	1	NULL	NULL	Amritsar	Punjab	north
527	1	NULL	NULL	Chennai	Tamil Nadu	SOUTH
528	1	NULL	NULL	Chandigarh	Chandigarh *	north
529	1	NULL	NULL	Agra	Uttar Pradesh	NORTH
530	1	NULL	NULL	Kakinada	Andhra Pradesh	south
531	1	NULL	NULL	Bhopal	Madhya Pradesh	WEST
532	1	NULL	NULL	Guntur	Andhra Pradesh	SOUTH
533	1	NULL	NULL	Ludhiana	Punjab	NORTH
534	1	NULL	NULL	Baroda	Gujarat	west
535	1	NULL	NULL	Bhubaneshwar	Orissa	EAST
536	1	NULL	NULL	Perambur	Tamil Nadu	SOUTH
537	1	NULL	NULL	Bangalore	Karnataka	west
538	1	NULL	NULL	Rajkot	Gujarat	west
539	1	NULL	NULL	Delhi	DELHI	north
540	1	NULL	NULL	Ajmer	Rajasthan	NORTH
541	1	NULL	NULL	Nagpur	Maharashtra	WEST
542	1	NULL	NULL	Indore	Madhya Pradesh	WEST
543	1	NULL	NULL	Poonamallee	Tamil Nadu	SOUTH
544	1	NULL	NULL	Ghaziabad	Uttar Pradesh	NORTH
545	1	NULL	NULL	Trivandrum	Kerala	SOUTH
546	1	NULL	NULL	Chandigarh	Chandigarh *	NORTH
547	1	NULL	NULL	Cochin	Kerala	SOUTH
548	1	NULL	NULL	Bathinda	Punjab	NORTH
549	1	NULL	NULL	Jaipur	Rajasthan	NORTH
550	1	NULL	NULL	Ahmedabad	Gujarat	WEST
551	1	NULL	NULL	Vellor	Tamil Nadu	SOUTH
552	1	NULL	NULL	Vellor	Tamil Nadu	SOUTH
553	1	NULL	NULL	Amritsar	Punjab	NORTH
554	1	NULL	NULL	Zirakpur	Punjab	NORTH
555	1	NULL	NULL	Thrissur	Kerala	WEST
556	1	NULL	NULL	Thrissur	Kerala	SOUTH
557	1	NULL	NULL	Ranchi	Jharkhand	EAST
558	1	NULL	NULL	Hosur	Tamil Nadu	SOUTH
559	1	NULL	NULL	Rajendra Place	DELHI	NORTH
560	1	NULL	NULL	Ghaziabad	Uttar Pradesh	NORTH
561	1	NULL	NULL	Uppal	Telangana	SOUTH
562	1	NULL	NULL	Visakapatnam	Andhra Pradesh	SOUTH
563	1	NULL	NULL	Coimbatore	Tamil Nadu	SOUTH
564	1	NULL	NULL	Pondicherry	Pondicherry *	SOUTH
565	1	NULL	NULL	Yamunanagar	Haryana	NORTH
566	1	NULL	NULL	Zirakpur	Punjab	NORTH
567	1	NULL	NULL	Salem	Tamil Nadu	SOUTH
568	1	NULL	NULL	Uppal	Telangana	SOUTH
569	1	NULL	NULL	Calicut	Kerala	SOUTH
570	1	NULL	NULL	Perambur	Tamil Nadu	SOUTH
571	1	NULL	NULL	Agra	Uttar Pradesh	NORTH
572	1	NULL	NULL	Karnal	Haryana	NORTH
573	1	NULL	NULL	Ambala	Haryana	NORTH
574	1	NULL	NULL	Salem	Tamil Nadu	SOUTH
575	1	NULL	NULL	Vijayawada	Andhra Pradesh	SOUTH
576	1	NULL	NULL	Dehradun	Uttarakhand	NORTH
577	1	NULL	NULL	Nasik	Maharashtra	WEST
578	1	NULL	NULL	Hyderabad	Uttar Pradesh	NORTH
579	1	NULL	NULL	Guntur	Andhra Pradesh	SOUTH
580	1	NULL	NULL	SILIGURI	West Bengal	NORTH
581	1	NULL	NULL	Kakinada	Andhra Pradesh	SOUTH
582	1	NULL	NULL	Mysore	Karnataka	SOUTH
583	1	NULL	NULL	Thane	Maharashtra	WEST
584	1	NULL	NULL	Kalyan	Maharashtra	WEST
585	1	NULL	NULL	Gurgaon	Haryana	NORTH
586	1	NULL	NULL	Udaipur	RAJASTHAN	NORTH
587	1	NULL	NULL	Calicut	Kerala	SOUTH
588	1	NULL	NULL	Uttam Nagar	DELHI	NORTH
589	1	NULL	NULL	Ajmer	Rajasthan	WEST
590	1	NULL	NULL	Uttam Nagar	Delhi & Ncr	NORTH
591	1	NULL	NULL	Virar	Maharashtra	WEST
592	1	NULL	NULL	Jalandhar	Punjab	NORTH
593	1	NULL	NULL	Visakapatnam	Andhra Pradesh	SOUTH
594	1	NULL	NULL	Udaipur	RAJASTHAN	NORTH
595	1	NULL	NULL	Trivandrum	Kerala	SOUTH
596	1	NULL	NULL	Thrissur	Kerala	SOUTH
597	1	NULL	NULL	AMRAVATI	Maharashtra	WEST
598	1	NULL	NULL	CHHANERA	MADHYA PRADESH	WEST
599	1	NULL	NULL	jaipur	Rajasthan	NORTH
600	1	NULL	NULL	AMRAVATI	MAHARASHTRA	WEST
601	1	NULL	NULL	DURGAPUR WB	WEST BANGAL	EAST
602	1	NULL	NULL	ASANSOL	West Bengal	SOUTH
603	1	NULL	NULL	Punjab	Jalandhar	NORTH
604	1	NULL	NULL	HYDERABAD	Uttar Pradesh	NORTH
605	1	NULL	NULL	Bhubaneswar	Orissa	EAST
606	1	NULL	NULL	Coimbatore	Tamil Nadu	SOUTH
607	1	NULL	NULL	Trichy	Tamil Nadu	SOUTH
608	1	NULL	NULL	Salem	Tamil Nadu	SOUTH
609	1	NULL	NULL	Delhi	DELHI	NORTH
610	1	NULL	NULL	Pune	Maharashtra	WEST
611	1	NULL	NULL	Durgapur	NA	WEST
612	1	NULL	NULL	Hyderabad	Uttar Pradesh	NORTH
613	1	NULL	NULL	Kolkata	West Bengal	EAST
614	1	NULL	NULL	Mumbai	Maharashtra	WEST
615	1	NULL	NULL	YAMUNANAGAR	Haryana	NORTH
616	1	NULL	NULL	Hubli	Karnataka	EAST
617	1	NULL	NULL	Jaipur	Rajasthan	NORTH
618	1	NULL	NULL	Zirakpur	Punjab	NORTH
619	1	NULL	NULL	Chandigarh	Chandigarh *	NORTH
620	1	NULL	NULL	Indore	Madhya Pradesh	NORTH
621	1	NULL	NULL	Delhi	DELHI	NORTH
622	1	NULL	NULL	Surat	Gujarat	WEST
623	1	NULL	NULL	Nagpur	Maharashtra	WEST
624	1	NULL	NULL	New Delhi	DELHI	NORTH
625	1	NULL	NULL	Ludhiana	Punjab	NORTH
626	1	NULL	NULL	Jaipur	Rajasthan	NORTH
627	1	NULL	NULL	Chennai	Tamil Nadu	SOUTH
628	1	NULL	NULL	Bangalore	Karnataka	SOUTH
629	1	NULL	NULL	Hyderabad	Uttar Pradesh	NORTH
630	1	NULL	NULL	Mumbai	Maharashtra	WEST
631	1	NULL	NULL	Ahmedabad	Gujarat	WEST
632	1	NULL	NULL	Haryana	Yamunanagar	NORTH
633	1	NULL	NULL	Tripura	Udaipur	SOUTH
634	1	NULL	NULL	West Bengal	Kolkata	EAST
635	1	NULL	NULL	Kerala	Cochin	SOUTH
636	1	NULL	NULL	Uttar Pradesh	Hyderabad	NORTH
637	1	NULL	NULL	Lucknow	Uttar Pradesh	NORTH
638	1	NULL	NULL	Karnal	Haryana	NORTH
639	1	NULL	NULL	Kolkata	West Bengal	EAST
640	1	NULL	NULL	Uttar Pradesh	Agra	NORTH
641	1	NULL	NULL	Gujarat	Jodhpur	WEST
642	1	NULL	NULL	Tamil Nadu	Coimbatore	SOUTH
643	1	NULL	NULL	Hubli	Karnataka	SOUTH
644	1	NULL	NULL	Andhra Pradesh	VISAKAPATNAM	SOUTH
645	1	NULL	NULL	Maharashtra	NASHIK	West
646	1	NULL	NULL	Gujarat	Baroda	West
647	1	NULL	NULL	Chandigarh	Chandigarh *	NORTH
648	1	NULL	NULL	Agra	Uttar Pradesh	NORTH
649	1	NULL	NULL	Thane	Maharashtra	WEST
650	1	NULL	NULL	Pune	Maharashtra	WEST
651	1	NULL	NULL	Rajkot	Gujarat	WEST
652	1	NULL	NULL	Surat	Gujarat	WEST
653	1	NULL	NULL	Cochin	Kerala	SOUTH
654	1	NULL	NULL	Tamil Nadu	Madurai	SOUTH
655	1	NULL	NULL	Tamil Nadu	Coimbatore	SOUTH
656	1	NULL	NULL	Bengaluru	Karnataka	SOUTH
657	1	NULL	NULL	Cochin	Kerala	SOUTH
658	1	NULL	NULL	Vadodara	Gujarat	WEST
659	1	NULL	NULL	Visakhapatnam	Andhra Pradesh	SOUTH
660	1	NULL	NULL	Jodhpur	Gujarat	WEST
661	1	NULL	NULL	Amritsar	Punjab	NORTH
662	1	NULL	NULL	Dehradun	Uttarakhand	NORTH
663	1	NULL	NULL	Uttar Pradesh	Hyderabad	NORTH
664	1	NULL	NULL	Dewas	Madhya Pradesh	WEST
665	1	NULL	NULL	Dewas	Madhya Pradesh	WEST
666	1	NULL	NULL	DURGAPUR	WEST BENGAL	SOUTH
667	1	NULL	NULL	ERODE	TAMILNADU	SOUTH
668	1	NULL	NULL	HOSUR	Tamil Nadu	SOUTH
669	1	NULL	NULL	New Delhi	DELHI	NORTH
670	1	NULL	NULL	TRICHY	Tamil Nadu	NORTH
671	1	NULL	NULL	VIJAYAAWADA	Andhra Pradesh	SOUTH
672	1	NULL	NULL	KOZHIKODE	Kerala	SOUTH
673	1	NULL	NULL	VISAKAPATNAM	ANDHARA PRADESH	SOUTH
674	1	NULL	NULL	Dehradun	Uttarakhand	NORTH
675	1	NULL	NULL	Deahradun	Uttarakhand	NORTH
676	1	NULL	NULL	CHENNAI	Tamil Nadu	SOUTH
677	1	NULL	NULL	VIJAYWADA	NA	SOUTH
678	1	NULL	NULL	VELLORE	Tamil Nadu	SOUTH
679	1	NULL	NULL	MYSORE	Karnataka	SOUTH
680	1	NULL	NULL	Chandigarh	Chandigarh *	NORTH
681	1	NULL	NULL	NEW DELHI	DELHI	NORTH
682	1	NULL	NULL	ANDHERI RS	MAHARASHTRA	WEST
683	1	NULL	NULL	PANJIM	MAHARASHTRA	WEST
684	1	NULL	NULL	VADODARA	Gujarat	WEST
685	1	NULL	NULL	JALANDHAR	Punjab	NORTH
686	1	NULL	NULL	Cochin	kerala	SOUTH
687	1	NULL	NULL	PANVEL	Maharashtra	WEST
688	1	NULL	NULL	Thane	Maharashtra	WEST
689	1	NULL	NULL	Andhra Pradesh	VIJAYAWADA	SOUTH
690	1	NULL	NULL	JAMMU	Jammu & Kashmir	NORTH
691	1	NULL	NULL	Andhra Pradesh	VIJAYAWADA	SOUTH
692	1	NULL	NULL	Raipur-BD City	Uttar Pradesh	NORTH
693	1	NULL	NULL	SOLAPUR	MAHARASHTRA	WEST
694	1	NULL	NULL	SOLAPUR	Maharashtra	West
695	1	NULL	NULL	NASHIK	Maharashtra	West
696	1	NULL	NULL	Rajasthan	Rajasthan	West
697	1	NULL	NULL	MUMBAI	Maharashtra	WEST
698	1	NULL	NULL	TRIVANDRUM	Kerala	WEST
699	1	NULL	NULL	AGRA	Uttar Pradesh	NORTH
700	1	NULL	NULL	INDORE	Madhya Pradesh	NORTH
701	1	NULL	NULL	RAIPUR	Uttaranchal	WEST
702	1	NULL	NULL	RAJAHMUNDRY	Andhra Pradesh	SOUTH
703	1	NULL	NULL	BARODA	Gujarat	WEST
704	1	NULL	NULL	MYSORE	Karnataka	SOUTH
705	1	NULL	NULL	DURGAPUR	NA	EAST
706	1	NULL	NULL	PANIPAT	Haryana	NORTH
707	1	NULL	NULL	MANGALORE	Karnataka	SOUTH
708	1	NULL	NULL	KOLKATA	West Bengal	WEST
709	1	NULL	NULL	HYDERABAD	Uttar Pradesh	WEST
710	1	NULL	NULL	RAIPUR	Uttaranchal	NORTH
711	1	NULL	NULL	Pondicherry	Pondicherry *	WEST
712	1	NULL	NULL	CHENNAI	Tamil Nadu	WEST
713	1	NULL	NULL	BARODA	Gujarat	WEST
714	1	NULL	NULL	ASANSOL	West Bengal	EAST
715	1	NULL	NULL	Surat	Gujarat	WEST
716	1	NULL	NULL	BENGALURU	Karnataka	SOUTH
717	1	NULL	NULL	BHARUCH	Gujarat	WEST
718	1	NULL	NULL	BELGAUM	Karnataka	WEST
719	1	NULL	NULL	VISAKAPATNAM	Andhra Pradesh	SOUTH
720	1	NULL	NULL	HIMMATNAGAR	Gujarat	NORTH
721	1	NULL	NULL	Andhra Pradesh	KAKINADA	SOUTH
722	1	NULL	NULL	KALOL	Gujarat	WEST
723	1	NULL	NULL	pune	Maharashtra	WEST
724	1	NULL	NULL	Punjab	Ludhiana	NORTH
725	1	NULL	NULL	Ahmedabad	Gujarat	WEST
726	1	NULL	NULL	Vijaywada	Andhra Pradesh	SOUTH
727	1	NULL	NULL	BENGALURU	KARNATAKA	SOUTH
728	1	NULL	NULL	NELLORE	ANDHRA PRADESH	SOUTH
729	1	NULL	NULL	Trichy	Tamil Nadu	SOUTH
730	1	NULL	NULL	Uttar Pradesh	Hyderabad	SOUTH
731	1	NULL	NULL	DURGAPUR	West bengal	EAST
732	1	NULL	NULL	RAJKOT	Gujarat	WEST
733	1	NULL	NULL	Nashik	Maharashtra	WEST
734	1	NULL	NULL	Uttam nagar	NCR	NORTH
735	1	NULL	NULL	Dehradun	Punjab	NORTH
736	1	NULL	NULL	pune	Maharashtra	WEST
737	1	NULL	NULL	HUBLI	Karnataka	SOUTH
738	1	NULL	NULL	Haridwar	Uttarakhand	NORTH
739	1	NULL	NULL	Vijayanagra	Karnataka	SOUTH
740	1	NULL	NULL	GWALIOR	Madhya Pradesh	WEST
741	1	NULL	NULL	Karnataka	Mysore	SOUTH
742	1	NULL	NULL	Visakhapatnam	Andhra Pradesh	SOUTH
743	1	NULL	NULL	Rajasthan	Rajasthan	WEST
744	1	NULL	NULL	Siliguri	West Bengal	EAST
745	1	NULL	NULL	DURGAPUR	NA	WEST
746	1	NULL	NULL	AMRITSAR	Punjab	WEST
747	1	NULL	NULL	TRICHY	TAMILNADU	SOUTH
748	1	NULL	NULL	LUCKNOW	Uttar Pradesh	NORTH
749	1	NULL	NULL	Ambala	Haryana	WEST
750	1	NULL	NULL	BARODA	GUJARAT	WEST
751	1	NULL	NULL	Andhra Pradesh	Vijayawada	SOUTH
752	1	NULL	NULL	BIKANER	Rajasthan	North
753	1	NULL	NULL	RAJAHMUNDRY	Andhra Pradesh	SOUTH
754	1	NULL	NULL	Ahmedabad - Odhav	Gujarat	WEST
755	1	NULL	NULL	DURGAPUR	west bengal	EAST
756	1	NULL	NULL	VISAKAPATNAM	ANDRA PRADESH	SOUTH
757	1	NULL	NULL	WARANGAL	TELENGANA	SOUTH
758	1	NULL	NULL	DURGAPUR WB	West Bengal	EAST
759	1	NULL	NULL	Amravati	Maharashtra	WEST
760	1	NULL	NULL	BHUBANESHWAR	West Bengal	EAST
761	1	NULL	NULL	CALICUT	Kerala	SOUTH
762	1	NULL	NULL	THANE	Maharashtra	WEST
763	1	NULL	NULL	Kalyan	MAHARASHTRA	WEST
764	1	NULL	NULL	HOSUR	Tamil Nadu	SOUTH
765	1	NULL	NULL	Hyderabad	Telangana	SOUTH
766	1	NULL	NULL	JAMNAGAR	GUJARAT	WEST
767	1	NULL	NULL	HYDERABAD	Telangana	WEST
768	1	NULL	NULL	AHMEDABAD	West	WEST
769	1	NULL	NULL	AJMER	North	NORTH
770	1	NULL	NULL	Thane	West	WEST
771	1	NULL	NULL	Faridabad	North	NORTH
772	1	NULL	NULL	Ludhiana	North	NORTH
773	1	2019-10-22 10:30:00	2019-10-22 10:30:00	ALWAR	RAJASTHAN	North
774	1	2019-10-22 10:30:00	2019-10-22 10:30:00	AMARAVATI	Maharashtra	WEST
775	1	2019-10-22 10:30:00	2019-10-22 10:30:00	B N REDDY NAGAR	Andhra Pradesh	South
776	1	2019-10-22 10:30:00	2019-10-22 10:30:00	BADNAWAR	MADHYA PRADESH	WEST
777	1	2019-10-22 10:30:00	2019-10-22 10:30:00	BAILHONGAL	KARNATAKA	SOUTH
778	1	2019-10-22 10:30:00	2019-10-22 10:30:00	BANKHEDI	MADHYA PRADESH	WEST
779	1	2019-10-22 10:30:00	2019-10-22 10:30:00	BARWANI	MADHYA PRADESH	WEST
780	1	2019-10-22 10:30:00	2019-10-22 10:30:00	BETADUR	KARNATAKA	SOUTH
781	1	2019-10-22 10:30:00	2019-10-22 10:30:00	BHATAPARA	CHHATTISGARH	WEST
782	1	2019-10-22 10:30:00	2019-10-22 10:30:00	BHIKANGAON	MADHYA PRADESH	WEST
783	1	2019-10-22 10:30:00	2019-10-22 10:30:00	BHILAI	Chattisgarh	NORTH
784	1	2019-10-22 10:30:00	2019-10-22 10:30:00	BIJAINAGAR	RAJASTHAN	NORTH
785	1	2019-10-22 10:30:00	2019-10-22 10:30:00	BILAGI	Karnataka	SOUTH
786	1	2019-10-22 10:30:00	2019-10-22 10:30:00	BNREDDY	TELANGANA	South
787	1	2019-10-22 10:30:00	2019-10-22 10:30:00	BUDHI BARLAI	MADHYA PRADESH	WEST
788	1	2019-10-22 10:30:00	2019-10-22 10:30:00	CHANNAGIRI	KARNATAKA	SOUTH
789	1	2019-10-22 10:30:00	2019-10-22 10:30:00	Chichwad	Maharashtra	West
790	1	2019-10-22 10:30:00	2019-10-22 10:30:00	CHITTORGARH	RAJASTHAN	NORTH
791	1	2019-10-22 10:30:00	2019-10-22 10:30:00	Chomu	Rajasthan	North
792	1	2019-10-22 10:30:00	2019-10-22 10:30:00	Cochi	Kerala	South
793	1	2019-10-22 10:30:00	2019-10-22 10:30:00	Dausa	Rajasthan	North
794	1	2019-10-22 10:30:00	2019-10-22 10:30:00	DAVANGERE	KARNATAKA	SOUTH
795	1	2019-10-22 10:30:00	2019-10-22 10:30:00	DEHRIYA SARAI	MADHYA PRADESH	WEST
796	1	2019-10-22 10:30:00	2019-10-22 10:30:00	DHAMTARI	CHHATTISGARH	WEST
797	1	2019-10-22 10:30:00	2019-10-22 10:30:00	DIDWANA	Rajasthan	NORTH
798	1	2019-10-22 10:30:00	2019-10-22 10:30:00	FATEHNAGAR	Rajasthan	NORTH
799	1	2019-10-22 10:30:00	2019-10-22 10:30:00	GANGAWATI	KARNATAKA	SOUTH
800	1	2019-10-22 10:30:00	2019-10-22 10:30:00	GODHRA	GUJARAT	WEST
801	1	2019-10-22 10:30:00	2019-10-22 10:30:00	GOKAK	KARNATAKA	SOUTH
802	1	2019-10-22 10:30:00	2019-10-22 10:30:00	Halol	GUJARAT	WEST
803	1	2019-10-22 10:30:00	2019-10-22 10:30:00	HARDA	MADHYA PRADESH	WEST
804	1	2019-10-22 10:30:00	2019-10-22 10:30:00	HARSOLI	RAJASTHAN	NORTH
805	1	2019-10-22 10:30:00	2019-10-22 10:30:00	Harsoli	RAJASTHAN	West
806	1	2019-10-22 10:30:00	2019-10-22 10:30:00	Haveri	KARNATAKA	South
807	1	2019-10-22 10:30:00	2019-10-22 10:30:00	HONALLI	KARNATAKA	SOUTH
808	1	2019-10-22 10:30:00	2019-10-22 10:30:00	HONNALLI	KARNATAKA	South
809	1	2019-10-22 10:30:00	2019-10-22 10:30:00	HOSHANGABAD	MADHYA PRADESH	WEST
810	1	2019-10-22 10:30:00	2019-10-22 10:30:00	HUVINAGAHADALLI	KARNATAKA	SOUTH
811	1	2019-10-22 10:30:00	2019-10-22 10:30:00	HUVINAHADAGALI	KARNATAKA	SOUTH
812	1	2019-10-22 10:30:00	2019-10-22 10:30:00	Jallandhar	PUNJAB	NORTH
813	1	2019-10-22 10:30:00	2019-10-22 10:30:00	JAMKHANDI	KARNATAKA	SOUTH
814	1	2019-10-22 10:30:00	2019-10-22 10:30:00	JHARKHAND	RANCHI	EAST
815	1	2019-10-22 10:30:00	2019-10-22 10:30:00	KARNAL/PANIPAT	NCR	North
816	1	2019-10-22 10:30:00	2019-10-22 10:30:00	KERLA	THRISSUR	SOUTH
817	1	2019-10-22 10:30:00	2019-10-22 10:30:00	Khandwa	Madhya Pradesh	West
818	1	2019-10-22 10:30:00	2019-10-22 10:30:00	Khargone	Madhya Pradesh	West
819	1	2019-10-22 10:30:00	2019-10-22 10:30:00	KHIRKIAN	MADHYA PRADESH	WEST
820	1	2019-10-22 10:30:00	2019-10-22 10:30:00	KHIRKIYA	MADHYA PRADESH	WEST
821	1	2019-10-22 10:30:00	2019-10-22 10:30:00	KOPPAL	KARNATAKA	SOUTH
822	1	2019-10-22 10:30:00	2019-10-22 10:30:00	KOTTURU	KARNATAKA	SOUTH
823	1	2019-10-22 10:30:00	2019-10-22 10:30:00	KURAWAR	MADHYA PRADESH	WEST
824	1	2019-10-22 10:30:00	2019-10-22 10:30:00	KUSHTAGI	KARNATAKA	South
825	1	2019-10-22 10:30:00	2019-10-22 10:30:00	Ladvi	Madhya Pradesh	West
826	1	2019-10-22 10:30:00	2019-10-22 10:30:00	Mahalingpur	Karnataka	South
827	1	2019-10-22 10:30:00	2019-10-22 10:30:00	MAHASAMUND	CHHATTISGARH	WEST
828	1	2019-10-22 10:30:00	2019-10-22 10:30:00	MAKANI	Madhya Pradesh	West
829	1	2019-10-22 10:30:00	2019-10-22 10:30:00	MAKARAVALLI	KARNATAKA	South
830	1	2019-10-22 10:30:00	2019-10-22 10:30:00	Mandideep	MADHYA PRADESH	WEST
831	1	2019-10-22 10:30:00	2019-10-22 10:30:00	MANGARH KHOKHAWALA	RAJASTHAN	NORTH
832	1	2019-10-22 10:30:00	2019-10-22 10:30:00	MUDHOL	KARNATAKA	SOUTH
833	1	2019-10-22 10:30:00	2019-10-22 10:30:00	Nawalgrah	Rajasthan	North
834	1	2019-10-22 10:30:00	2019-10-22 10:30:00	PALGHAR	Maharashtra	WEST
835	1	2019-10-22 10:30:00	2019-10-22 10:30:00	PIPARIYA	MADHYA PRADESH	WEST
836	1	2019-10-22 10:30:00	2019-10-22 10:30:00	RAJAHMUNDRY & KAKINADA	ANDRAPRADESH	south
837	1	2019-10-22 10:30:00	2019-10-22 10:30:00	RAJAHMUNDRY&KAKINADA	ANDRAPRADESH	south
838	1	2019-10-22 10:30:00	2019-10-22 10:30:00	RAJGARH	MADHYA PRADESH	WEST
839	1	2019-10-22 10:30:00	2019-10-22 10:30:00	RAJKOT-JAMNAGAR	GUJARAT	WEST
840	1	2019-10-22 10:30:00	2019-10-22 10:30:00	RAJSAMAND	RAJASTHAN	NORTH
841	1	2019-10-22 10:30:00	2019-10-22 10:30:00	RAMDURGA	KARNATAKA	SOUTH
842	1	2019-10-22 10:30:00	2019-10-22 10:30:00	RANEBENNUR	KARNATAKA	SOUTH
843	1	2019-10-22 10:30:00	2019-10-22 10:30:00	RANEBENNUR	MADHYA PRADESH	WEST
844	1	2019-10-22 10:30:00	2019-10-22 10:30:00	RATLAM	MADHYA PRADESH	WEST
845	1	2019-10-22 10:30:00	2019-10-22 10:30:00	Sanawad	Madhya Pradesh	West
846	1	2019-10-22 10:30:00	2019-10-22 10:30:00	SANWER	MADHYA PRADESH	WEST
847	1	2019-10-22 10:30:00	2019-10-22 10:30:00	SEJAWATA	MADHYA PRADESH	WEST
848	1	2019-10-22 10:30:00	2019-10-22 10:30:00	SEONI MALWA	MADHYA PRADESH	WEST
849	1	2019-10-22 10:30:00	2019-10-22 10:30:00	Shahpura	RAJASTHAN	West
850	1	2019-10-22 10:30:00	2019-10-22 10:30:00	SHIGGAON	KARNATAKA	SOUTH
851	1	2019-10-22 10:30:00	2019-10-22 10:30:00	SHIKARIPURA	KARNATAKA	SOUTH
852	1	2019-10-22 10:30:00	2019-10-22 10:30:00	SHIMOGA	KARNATAKA	SOUTH
853	1	2019-10-22 10:30:00	2019-10-22 10:30:00	SIKAR	RAJASTHAN	NORTH
854	1	2019-10-22 10:30:00	2019-10-22 10:30:00	SIRLAI	MADHYA PRADESH	WEST
855	1	2019-10-22 10:30:00	2019-10-22 10:30:00	SONKEHDA	MADHYA PRADESH	WEST
856	1	2019-10-22 10:30:00	2019-10-22 10:30:00	TAJPURA	MADHYA PRADESH	WEST
857	1	2019-10-22 10:30:00	2019-10-22 10:30:00	TAKIPURA	MADHYA PRADESH	WEST
858	1	2019-10-22 10:30:00	2019-10-22 10:30:00	TAMILNADU	CHENNAI	SOUTH
859	1	2019-10-22 10:30:00	2019-10-22 10:30:00	TAMILNADU	COIMBATORE	SOUTH
860	1	2019-10-22 10:30:00	2019-10-22 10:30:00	TAMILNADU	HOSUR	SOUTH
861	1	2019-10-22 10:30:00	2019-10-22 10:30:00	TAMILNADU	TRICHY	SOUTH
862	1	2019-10-22 10:30:00	2019-10-22 10:30:00	TELENGANA	HYDERABAD	SOUTH
863	1	2019-10-22 10:30:00	2019-10-22 10:30:00	Timurni	Madhya Pradesh	West
864	1	2019-10-22 10:30:00	2019-10-22 10:30:00	UDAPIUR	RAJASTHAN	NORTH
865	1	2019-10-22 10:30:00	2019-10-22 10:30:00	UGARIAYWAS	RAJASTHAN	NORTH
866	1	2019-10-22 10:30:00	2019-10-22 10:30:00	UJJAIN	MADHYA PRADESH	WEST
867	1	2019-10-22 10:30:00	2019-10-22 10:30:00	Vishakhapatnam	ANDHRA PRADESH	SOUTH
868	1	2019-10-22 10:30:00	2019-10-22 10:30:00	TAMILNADU	CHENNAI	SOUTH
869	1	2019-10-22 10:30:00	2019-10-22 10:30:00	TAMILNADU	COIMBATORE	SOUTH
870	1	2019-10-22 10:30:00	2019-10-22 10:30:00	PALGHAR	Maharashtra	WEST
871	1	2019-10-22 10:30:00	2019-10-22 10:30:00	Chichwad	Maharashtra	West
872	1	2019-10-22 10:30:00	2019-10-22 10:30:00	VISHAKHAPATNAM	ANDHRA PRADESH	SOUTH
873	1	2019-10-22 10:30:00	2019-10-22 10:30:00	Cochi	Kerala	South
874	1	2019-10-22 10:30:00	2019-10-22 10:30:00	Panaji	Goa	West
875	1	2019-10-22 10:30:00	2019-10-22 10:30:00	RAJAHMUNDRY&KAKINADA	ANDRAPRADESH	south
876	1	2019-10-22 10:30:00	2019-10-22 10:30:00	TAMILNADU	HOSUR	SOUTH
877	1	2019-10-22 10:30:00	2019-10-22 10:30:00	KERLA	THRISSUR	SOUTH
878	1	2019-10-22 10:30:00	2019-10-22 10:30:00	Kota-Gumanpura	Rajasthan	West
879	1	2019-10-22 10:30:00	2019-10-22 10:30:00	AMARAVATI	Maharashtra	WEST
880	1	2019-10-22 10:30:00	2019-10-22 10:30:00	Vizag	Andhra Pradesh	South
881	1	2019-10-22 10:30:00	2019-10-22 10:30:00	GOA	NA	NA
882	1	2019-10-22 10:30:00	2019-10-22 10:30:00	Telangana	Telangana	NA
883	1	2019-10-22 10:30:00	2019-10-22 10:30:00	GOA	GOA	NA
884	1	2019-10-22 10:30:00	2019-10-22 10:30:00	Harda	Madhya Pradesh	West
885	1	2019-10-22 10:30:00	2019-10-22 10:30:00	Mandideep	MADHYA PRADESH	WEST
886	1	2019-10-22 10:30:00	2019-10-22 10:30:00	HALOL	GUJARAT	West
887	1	2019-10-22 10:30:00	2019-10-22 10:30:00	CHIKKODI	KARNATAKA	South
888	1	2019-10-22 10:30:00	2019-10-22 10:30:00	RAMDURGA	KARNATAKA	SOUTH
889	1	2019-10-22 10:30:00	2019-10-22 10:30:00	CHANNAGIRI	KARNATAKA	SOUTH
890	1	2019-10-22 10:30:00	2019-10-22 10:30:00	DAVANGERE	KARNATAKA	South
891	1	2019-10-22 10:30:00	2019-10-22 10:30:00	HONALLI	KARNATAKA	SOUTH
892	1	2019-10-22 10:30:00	2019-10-22 10:30:00	KOPPAL	KARNATAKA	SOUTH
893	1	2019-10-22 10:30:00	2019-10-22 10:30:00	KOTTURU	KARNATAKA	SOUTH
894	1	2019-10-22 10:30:00	2019-10-22 10:30:00	SHIMOGA	KARNATAKA	SOUTH
895	1	2019-10-22 10:30:00	2019-10-22 10:30:00	RANEBENNUR	MADHYA PRADESH	WEST
896	1	2019-10-22 10:30:00	2019-10-22 10:30:00	PIPARIYA	MADHYA PRADESH	WEST
897	1	2019-10-22 10:30:00	2019-10-22 10:30:00	KURAWAR	MADHYA PRADESH	WEST
898	1	2019-10-22 10:30:00	2019-10-22 10:30:00	BHIKANGAON	MADHYA PRADESH	WEST
899	1	2019-10-22 10:30:00	2019-10-22 10:30:00	RATLAM	MADHYA PRADESH	WEST
900	1	2019-10-22 10:30:00	2019-10-22 10:30:00	KHIRKIAN	MADHYA PRADESH	WEST
901	1	2019-10-22 10:30:00	2019-10-22 10:30:00	HOSHANGABAD	MADHYA PRADESH	WEST
902	1	2019-10-22 10:30:00	2019-10-22 10:30:00	KHANDWA	MADHYA PRADESH	West
903	1	2019-10-22 10:30:00	2019-10-22 10:30:00	BUDHI BARLAI	MADHYA PRADESH	WEST
904	1	2019-10-22 10:30:00	2019-10-22 10:30:00	BIJAINAGAR	RAJASTHAN	North
905	1	2019-10-22 10:30:00	2019-10-22 10:30:00	MANGARH KHOKHAWALA	RAJASTHAN	North
906	1	2019-10-22 10:30:00	2019-10-22 10:30:00	UGARIAYWAS	RAJASTHAN	North
907	1	2019-10-22 10:30:00	2019-10-22 10:30:00	HARSOLI	RAJASTHAN	North
908	1	2019-10-22 10:30:00	2019-10-22 10:30:00	JHUNJHUNU	RAJASTHAN	North
909	1	2019-10-22 10:30:00	2019-10-22 10:30:00	SIKAR	RAJASTHAN	NORTH
910	1	2019-10-22 10:30:00	2019-10-22 10:30:00	RAJSAMAND	RAJASTHAN	NORTH
911	1	2019-10-22 10:30:00	2019-10-22 10:30:00	CHITTORGARH	RAJASTHAN	NORTH
912	1	2019-10-22 10:30:00	2019-10-22 10:30:00	PADRA	GUJARAT	West
913	1	2019-10-22 10:30:00	2019-10-22 10:30:00	SRIMADHOPUR	RAJASTHAN	North
914	1	2019-10-22 10:30:00	2019-10-22 10:30:00	PALANPUR	GUJARAT	West
915	1	2019-10-22 10:30:00	2019-10-22 10:30:00	PATAN	GUJARAT	West
916	1	2019-10-22 10:30:00	2019-10-22 10:30:00	NADIAD	GUJARAT	West
917	1	2019-10-22 10:30:00	2019-10-22 10:30:00	DIDWANA	Rajasthan	NORTH
918	1	2019-10-22 10:30:00	2019-10-22 10:30:00	PETLAD	Gujarat	West
919	1	2019-10-22 10:30:00	2019-10-22 10:30:00	KHARGONE	MADHYA PRADESH	West
920	1	2019-10-22 10:30:00	2019-10-22 10:30:00	SIRLAI	MADHYA PRADESH	West
921	1	2019-10-22 10:30:00	2019-10-22 10:30:00	Hubballi	KARNATAKA	South
922	1	2019-10-22 10:30:00	2019-10-22 10:30:00	Mehsana Rural	Gujarat	WEST
923	1	2019-10-22 10:30:00	2019-10-22 10:30:00	Ladvi	Madhya Pradesh	West
924	1	2019-10-22 10:30:00	2019-10-22 10:30:00	MAHASAMUND	CHHATTISGARH	WEST
925	1	2019-10-22 10:30:00	2019-10-22 10:30:00	BHATAPARA	CHHATTISGARH	WEST
926	1	2019-10-22 10:30:00	2019-10-22 10:30:00	DHAMTARI	CHHATTISGARH	WEST
927	1	2019-10-22 10:30:00	2019-10-22 10:30:00	Jallandhar	PUNJAB	NORTH
928	1	2019-10-22 10:30:00	2019-10-22 10:30:00	idar	Gujarat	WEST
