documentType	response_error	response_message	created_at	last_uploaded_at	number_of_attempts
Pan Card	NULL	NULL	2018-09-03 19:04:21	2018-09-04 10:01:26	15
Aadhar	NULL	NULL	2018-09-03 18:39:25	2018-09-04 10:01:25	16
Aadhar	NULL	NULL	2018-09-03 19:04:17	2018-09-04 10:01:25	15
Pan Card	NULL	NULL	2018-09-03 18:37:12	2018-09-04 10:01:24	16
Aadhar	NULL	NULL	2018-09-03 18:39:20	2018-09-04 10:01:24	16
Pan Card	NULL	NULL	2018-09-03 18:39:23	2018-09-04 10:01:24	16
Pan Card	NULL	NULL	2018-09-03 18:36:55	2018-09-04 10:01:23	16
Aadhar	NULL	NULL	2018-09-03 18:37:10	2018-09-04 10:01:23	16
Aadhar	NULL	NULL	2018-09-03 17:42:40	2018-09-04 10:01:22	17
Aadhar	NULL	NULL	2018-09-03 18:36:50	2018-09-04 10:01:22	16
Pan Card	NULL	NULL	2018-09-03 17:35:36	2018-09-04 10:01:21	17
Aadhar	NULL	NULL	2018-09-03 17:35:34	2018-09-04 10:01:21	17
Aadhar	NULL	NULL	2018-09-03 17:35:19	2018-09-04 10:01:20	17
Pan Card	NULL	NULL	2018-09-03 17:35:24	2018-09-04 10:01:20	17
Aadhar	NULL	NULL	2018-09-03 17:35:01	2018-09-04 10:01:19	17
Pan Card	NULL	NULL	2018-09-03 17:35:09	2018-09-04 10:01:19	17
Aadhar	NULL	NULL	2018-09-03 17:33:32	2018-09-04 10:01:18	17
Aadhar	NULL	NULL	2018-09-03 17:31:39	2018-09-04 10:01:17	17
Pan Card	NULL	NULL	2018-09-03 17:31:55	2018-09-04 10:01:17	17
Aadhar	NULL	NULL	2018-09-03 17:31:19	2018-09-04 10:01:16	17
Pan Card	NULL	NULL	2018-09-03 17:31:23	2018-09-04 10:01:16	17
Pan Card	NULL	NULL	2018-09-03 17:31:27	2018-09-04 10:01:16	17
Aadhar	NULL	NULL	2018-09-03 17:31:13	2018-09-04 10:01:15	17
Pan Card	NULL	NULL	2018-09-03 17:31:10	2018-09-04 10:01:14	17
Aadhar	NULL	NULL	2018-09-03 17:31:08	2018-09-04 10:01:14	17
Aadhar	NULL	NULL	2018-09-03 17:23:38	2018-09-04 10:01:13	17
Pan Card	NULL	NULL	2018-09-03 17:23:47	2018-09-04 10:01:13	17
Aadhar	NULL	NULL	2018-09-03 17:23:08	2018-09-04 10:01:12	17
Pan Card	NULL	NULL	2018-09-03 17:23:23	2018-09-04 10:01:12	17
Pan Card	NULL	NULL	2018-09-03 16:58:57	2018-09-04 10:01:11	18
Aadhar	NULL	NULL	2018-09-03 17:03:46	2018-09-04 10:01:11	17
Aadhar	NULL	NULL	2018-09-03 16:58:45	2018-09-04 10:01:10	18
Aadhar	NULL	NULL	2018-09-03 16:58:52	2018-09-04 10:01:10	18
Aadhar	NULL	NULL	2018-09-03 16:58:36	2018-09-04 10:01:09	18
Pan Card	NULL	NULL	2018-09-03 16:48:23	2018-09-04 10:01:08	18
Pan Card	NULL	NULL	2018-09-03 16:58:38	2018-09-04 10:01:08	18
Aadhar	NULL	NULL	2018-09-03 16:47:28	2018-09-04 10:01:07	18
Pan Card	NULL	NULL	2018-09-03 16:47:31	2018-09-04 10:01:07	18
Pan Card	NULL	NULL	2018-09-03 16:39:20	2018-09-04 10:01:06	18
Aadhar	NULL	NULL	2018-09-03 16:46:53	2018-09-04 10:01:06	18
Pan Card	NULL	NULL	2018-09-03 16:38:59	2018-09-04 10:01:05	18
Aadhar	NULL	NULL	2018-09-03 16:39:07	2018-09-04 10:01:05	18
Pan Card	NULL	NULL	2018-09-03 16:38:28	2018-09-04 10:01:04	18
Aadhar	NULL	NULL	2018-09-03 16:38:47	2018-09-04 10:01:04	18
Aadhar	NULL	NULL	2018-09-03 16:38:01	2018-09-04 10:01:03	18
Aadhar	NULL	NULL	2018-09-03 16:38:16	2018-09-04 10:01:03	18
Aadhar	NULL	NULL	2018-09-03 16:37:51	2018-09-04 10:01:02	18
Pan Card	NULL	NULL	2018-09-03 16:38:01	2018-09-04 10:01:02	18
Pan Card	NULL	NULL	2018-09-03 16:37:52	2018-09-04 10:01:01	18
Aadhar	NULL	NULL	2018-09-03 16:37:38	2018-09-04 10:01:00	18
Pan Card	NULL	NULL	2018-09-03 16:37:44	2018-09-04 10:01:00	18
Aadhar	NULL	NULL	2018-09-03 16:37:21	2018-09-04 10:00:59	18
Pan Card	NULL	NULL	2018-09-03 16:37:32	2018-09-04 10:00:59	18
Pan Card	NULL	NULL	2018-09-03 16:37:12	2018-09-04 10:00:58	18
Aadhar	NULL	NULL	2018-09-03 16:37:21	2018-09-04 10:00:58	18
Aadhar	NULL	NULL	2018-09-03 16:37:00	2018-09-04 10:00:57	18
Aadhar	NULL	NULL	2018-09-03 16:37:08	2018-09-04 10:00:57	18
Aadhar	NULL	NULL	2018-09-03 16:36:37	2018-09-04 10:00:56	18
Pan Card	NULL	NULL	2018-09-03 16:37:01	2018-09-04 10:00:56	18
Pan Card	NULL	NULL	2018-09-03 16:36:26	2018-09-04 10:00:55	18
Aadhar	NULL	NULL	2018-09-03 16:36:25	2018-09-04 10:00:55	18
Aadhar	NULL	NULL	2018-09-03 16:35:44	2018-09-04 10:00:54	18
Aadhar	NULL	NULL	2018-09-03 16:36:02	2018-09-04 10:00:54	18
Aadhar	NULL	NULL	2018-09-03 16:34:52	2018-09-04 10:00:53	18
Pan Card	NULL	NULL	2018-09-03 16:35:45	2018-09-04 10:00:53	18
Aadhar	NULL	NULL	2018-09-03 16:34:45	2018-09-04 10:00:52	18
Pan Card	NULL	NULL	2018-09-03 16:34:54	2018-09-04 10:00:52	18
Pan Card	NULL	NULL	2018-08-30 16:11:42	2018-09-04 10:00:51	114
Pan Card	NULL	NULL	2018-09-03 16:34:46	2018-09-04 10:00:51	18
Pan Card	NULL	NULL	2018-08-30 16:11:23	2018-09-04 10:00:50	114
Aadhar	NULL	NULL	2018-08-30 16:11:32	2018-09-04 10:00:50	114
Aadhar	NULL	NULL	2018-08-30 16:11:04	2018-09-04 10:00:49	114
Pan Card	NULL	NULL	2018-08-30 16:11:11	2018-09-04 10:00:49	114
Aadhar	NULL	NULL	2018-08-30 16:11:16	2018-09-04 10:00:49	114
Pan Card	NULL	NULL	2018-08-30 16:10:56	2018-09-04 10:00:48	114
Pan Card	NULL	NULL	2018-08-30 16:10:57	2018-09-04 10:00:48	114
Aadhar	NULL	NULL	2018-08-30 16:10:25	2018-09-04 10:00:47	114
Aadhar	NULL	NULL	2018-08-30 16:10:34	2018-09-04 10:00:47	114
Aadhar	NULL	NULL	2018-08-30 16:10:45	2018-09-04 10:00:47	114
Aadhar	NULL	NULL	2018-08-30 16:10:03	2018-09-04 10:00:46	114
Aadhar	NULL	NULL	2018-08-30 16:10:08	2018-09-04 10:00:46	114
Pan Card	NULL	NULL	2018-08-30 16:10:22	2018-09-04 10:00:46	114
Pan Card	NULL	NULL	2018-08-30 15:42:20	2018-09-04 10:00:45	115
Aadhar	NULL	NULL	2018-08-30 15:46:22	2018-09-04 10:00:45	115
Aadhar	NULL	NULL	2018-08-30 15:47:02	2018-09-04 10:00:45	115
Pan Card	NULL	NULL	2018-08-30 15:40:22	2018-09-04 10:00:44	115
Aadhar	NULL	NULL	2018-08-30 15:40:27	2018-09-04 10:00:44	115
Aadhar	NULL	NULL	2018-08-30 15:42:11	2018-09-04 10:00:44	115
Pan Card	NULL	NULL	2018-08-30 15:36:36	2018-09-04 10:00:43	115
Aadhar	NULL	NULL	2018-08-30 15:36:04	2018-09-04 10:00:42	115
Pan Card	NULL	NULL	2018-08-30 15:36:08	2018-09-04 10:00:42	115
Aadhar	NULL	NULL	2018-08-30 15:36:31	2018-09-04 10:00:42	115
Pan Card	NULL	NULL	2018-08-30 15:35:55	2018-09-04 10:00:41	115
Aadhar	NULL	NULL	2018-08-30 15:35:59	2018-09-04 10:00:41	115
Pan Card	NULL	NULL	2018-08-30 13:42:59	2018-09-04 10:00:40	117
Aadhar	NULL	NULL	2018-08-30 13:43:05	2018-09-04 10:00:40	117
Pan Card	NULL	NULL	2018-08-30 13:42:33	2018-09-04 10:00:39	117
Aadhar	NULL	NULL	2018-08-30 13:42:30	2018-09-04 10:00:39	117
Pan Card	NULL	NULL	2018-08-30 13:42:27	2018-09-04 10:00:38	118
Aadhar	NULL	NULL	2018-08-30 13:42:26	2018-09-04 10:00:38	117
Aadhar	NULL	NULL	2018-08-30 13:42:13	2018-09-04 10:00:37	118
Pan Card	NULL	NULL	2018-08-30 13:42:19	2018-09-04 10:00:37	118
Aadhar	NULL	NULL	2018-08-30 13:42:00	2018-09-04 10:00:36	118
Aadhar	NULL	NULL	2018-08-30 13:42:04	2018-09-04 10:00:36	118
Pan Card	NULL	NULL	2018-08-30 13:41:03	2018-09-04 10:00:35	118
Aadhar	NULL	NULL	2018-08-30 13:41:12	2018-09-04 10:00:35	118
Aadhar	NULL	NULL	2018-08-30 13:40:28	2018-09-04 10:00:34	118
Aadhar	NULL	NULL	2018-08-30 13:40:51	2018-09-04 10:00:34	118
Pan Card	NULL	NULL	2018-08-30 13:40:21	2018-09-04 10:00:33	118
Pan Card	NULL	NULL	2018-08-30 13:40:30	2018-09-04 10:00:33	118
Aadhar	NULL	NULL	2018-08-30 13:37:27	2018-09-04 10:00:32	118
Aadhar	NULL	NULL	2018-08-30 13:39:25	2018-09-04 10:00:32	118
Aadhar	NULL	NULL	2018-08-30 13:37:19	2018-09-04 10:00:31	118
Pan Card	NULL	NULL	2018-08-30 13:37:29	2018-09-04 10:00:31	118
Aadhar	NULL	NULL	2018-08-30 13:37:16	2018-09-04 10:00:30	118
Aadhar	NULL	NULL	2018-08-30 13:37:19	2018-09-04 10:00:30	118
Pan Card	NULL	NULL	2018-08-30 13:36:55	2018-09-04 10:00:29	118
Pan Card	NULL	NULL	2018-08-30 13:37:20	2018-09-04 10:00:29	118
Pan Card	NULL	NULL	2018-08-30 13:36:02	2018-09-04 10:00:28	118
Pan Card	NULL	NULL	2018-08-30 13:36:12	2018-09-04 10:00:28	118
Aadhar	NULL	NULL	2018-08-30 13:36:11	2018-09-04 10:00:28	118
Aadhar	NULL	NULL	2018-08-30 13:35:41	2018-09-04 10:00:27	118
Aadhar	NULL	NULL	2018-08-30 13:35:54	2018-09-04 10:00:27	118
	java.sql.SQLException: The table 'bpm_filenet_request_log' is full	The table 'bpm_filenet_request_log' is full	2018-08-06 12:17:03	2018-09-04 10:00:26	695
	java.sql.SQLException: The table 'bpm_filenet_request_log' is full	The table 'bpm_filenet_request_log' is full	2018-08-06 12:17:46	2018-09-04 10:00:26	695
Pan Card	NULL	NULL	2018-08-30 13:35:43	2018-09-04 10:00:26	118
	java.sql.SQLException: The table 'bpm_filenet_request_log' is full	The table 'bpm_filenet_request_log' is full	2018-08-06 12:15:42	2018-09-04 10:00:25	695
	java.sql.SQLException: The table 'bpm_filenet_request_log' is full	The table 'bpm_filenet_request_log' is full	2018-08-06 12:15:42	2018-09-04 10:00:25	695
	java.sql.SQLException: The table 'bpm_filenet_request_log' is full	The table 'bpm_filenet_request_log' is full	2018-08-06 12:15:44	2018-09-04 10:00:25	695
	java.sql.SQLException: The table 'bpm_filenet_request_log' is full	The table 'bpm_filenet_request_log' is full	2018-08-06 12:16:11	2018-09-04 10:00:25	695
	java.sql.SQLException: The table 'bpm_filenet_request_log' is full	The table 'bpm_filenet_request_log' is full	2018-08-06 12:16:16	2018-09-04 10:00:25	695
	java.sql.SQLException: The table 'bpm_filenet_request_log' is full	The table 'bpm_filenet_request_log' is full	2018-08-06 12:16:19	2018-09-04 10:00:25	695
	java.sql.SQLException: The table 'bpm_filenet_request_log' is full	The table 'bpm_filenet_request_log' is full	2018-08-06 12:16:51	2018-09-04 10:00:25	695
	java.sql.SQLException: The table 'bpm_filenet_request_log' is full	The table 'bpm_filenet_request_log' is full	2018-08-06 12:14:26	2018-09-04 10:00:24	695
	java.sql.SQLException: The table 'bpm_filenet_request_log' is full	The table 'bpm_filenet_request_log' is full	2018-08-06 12:14:53	2018-09-04 10:00:24	695
	java.sql.SQLException: The table 'bpm_filenet_request_log' is full	The table 'bpm_filenet_request_log' is full	2018-08-06 12:14:55	2018-09-04 10:00:24	695
	java.sql.SQLException: The table 'bpm_filenet_request_log' is full	The table 'bpm_filenet_request_log' is full	2018-08-06 12:15:27	2018-09-04 10:00:24	695
	java.sql.SQLException: The table 'bpm_filenet_request_log' is full	The table 'bpm_filenet_request_log' is full	2018-08-06 12:15:32	2018-09-04 10:00:24	695
	java.sql.SQLException: The table 'bpm_filenet_request_log' is full	The table 'bpm_filenet_request_log' is full	2018-08-06 12:15:32	2018-09-04 10:00:24	695
	java.sql.SQLException: The table 'bpm_filenet_request_log' is full	The table 'bpm_filenet_request_log' is full	2018-08-06 12:15:41	2018-09-04 10:00:24	695
	java.sql.SQLException: The table 'bpm_filenet_request_log' is full	The table 'bpm_filenet_request_log' is full	2018-08-06 12:15:41	2018-09-04 10:00:24	695
	java.sql.SQLException: The table 'bpm_filenet_request_log' is full	The table 'bpm_filenet_request_log' is full	2018-08-06 12:14:21	2018-09-04 10:00:23	695
	java.sql.SQLException: The table 'bpm_filenet_request_log' is full	The table 'bpm_filenet_request_log' is full	2018-08-06 12:14:22	2018-09-04 10:00:23	695
	java.sql.SQLException: The table 'bpm_filenet_request_log' is full	The table 'bpm_filenet_request_log' is full	2018-08-06 12:14:22	2018-09-04 10:00:23	695
	java.sql.SQLException: The table 'bpm_filenet_request_log' is full	The table 'bpm_filenet_request_log' is full	2018-08-06 12:14:23	2018-09-04 10:00:23	695
	java.sql.SQLException: The table 'bpm_filenet_request_log' is full	The table 'bpm_filenet_request_log' is full	2018-08-06 12:14:24	2018-09-04 10:00:23	695
	java.sql.SQLException: The table 'bpm_filenet_request_log' is full	The table 'bpm_filenet_request_log' is full	2018-08-06 12:14:26	2018-09-04 10:00:23	695
	java.sql.SQLException: The table 'bpm_filenet_request_log' is full	The table 'bpm_filenet_request_log' is full	2018-08-06 12:13:44	2018-09-04 10:00:22	695
	java.sql.SQLException: The table 'bpm_filenet_request_log' is full	The table 'bpm_filenet_request_log' is full	2018-08-06 12:14:01	2018-09-04 10:00:22	695
	java.sql.SQLException: The table 'bpm_filenet_request_log' is full	The table 'bpm_filenet_request_log' is full	2018-08-06 12:14:06	2018-09-04 10:00:22	695
	java.sql.SQLException: The table 'bpm_filenet_request_log' is full	The table 'bpm_filenet_request_log' is full	2018-08-06 12:14:06	2018-09-04 10:00:22	695
	java.sql.SQLException: The table 'bpm_filenet_request_log' is full	The table 'bpm_filenet_request_log' is full	2018-08-06 12:14:08	2018-09-04 10:00:22	695
	java.sql.SQLException: The table 'bpm_filenet_request_log' is full	The table 'bpm_filenet_request_log' is full	2018-08-06 12:14:18	2018-09-04 10:00:22	695
	java.sql.SQLException: The table 'bpm_filenet_request_log' is full	The table 'bpm_filenet_request_log' is full	2018-08-03 19:51:40	2018-09-04 10:00:21	760
	java.sql.SQLException: The table 'bpm_filenet_request_log' is full	The table 'bpm_filenet_request_log' is full	2018-08-06 12:12:06	2018-09-04 10:00:21	695
	java.sql.SQLException: The table 'bpm_filenet_request_log' is full	The table 'bpm_filenet_request_log' is full	2018-08-06 12:12:10	2018-09-04 10:00:21	695
	java.sql.SQLException: The table 'bpm_filenet_request_log' is full	The table 'bpm_filenet_request_log' is full	2018-08-06 12:12:15	2018-09-04 10:00:21	695
	java.sql.SQLException: The table 'bpm_filenet_request_log' is full	The table 'bpm_filenet_request_log' is full	2018-08-06 12:12:15	2018-09-04 10:00:21	695
	java.sql.SQLException: The table 'bpm_filenet_request_log' is full	The table 'bpm_filenet_request_log' is full	2018-08-06 12:13:43	2018-09-04 10:00:21	695
	java.sql.SQLException: The table 'bpm_filenet_request_log' is full	The table 'bpm_filenet_request_log' is full	2018-08-03 19:48:51	2018-09-04 10:00:20	760
	java.sql.SQLException: The table 'bpm_filenet_request_log' is full	The table 'bpm_filenet_request_log' is full	2018-08-03 19:48:56	2018-09-04 10:00:20	760
	java.sql.SQLException: The table 'bpm_filenet_request_log' is full	The table 'bpm_filenet_request_log' is full	2018-08-03 19:50:06	2018-09-04 10:00:20	760
	java.sql.SQLException: The table 'bpm_filenet_request_log' is full	The table 'bpm_filenet_request_log' is full	2018-08-03 19:50:06	2018-09-04 10:00:20	760
	java.sql.SQLException: The table 'bpm_filenet_request_log' is full	The table 'bpm_filenet_request_log' is full	2018-08-03 19:50:10	2018-09-04 10:00:20	760
	java.sql.SQLException: The table 'bpm_filenet_request_log' is full	The table 'bpm_filenet_request_log' is full	2018-08-03 19:50:10	2018-09-04 10:00:20	760
	java.sql.SQLException: The table 'bpm_filenet_request_log' is full	The table 'bpm_filenet_request_log' is full	2018-08-03 19:51:36	2018-09-04 10:00:20	760
	java.sql.SQLException: The table 'bpm_filenet_request_log' is full	The table 'bpm_filenet_request_log' is full	2018-08-03 19:28:25	2018-09-04 10:00:19	760
	java.sql.SQLException: The table 'bpm_filenet_request_log' is full	The table 'bpm_filenet_request_log' is full	2018-08-03 19:28:25	2018-09-04 10:00:19	760
	java.sql.SQLException: The table 'bpm_filenet_request_log' is full	The table 'bpm_filenet_request_log' is full	2018-08-03 19:47:21	2018-09-04 10:00:19	760
	java.sql.SQLException: The table 'bpm_filenet_request_log' is full	The table 'bpm_filenet_request_log' is full	2018-08-03 19:47:21	2018-09-04 10:00:19	760
	java.sql.SQLException: The table 'bpm_filenet_request_log' is full	The table 'bpm_filenet_request_log' is full	2018-08-03 19:47:24	2018-09-04 10:00:19	760
	java.sql.SQLException: The table 'bpm_filenet_request_log' is full	The table 'bpm_filenet_request_log' is full	2018-08-03 19:47:24	2018-09-04 10:00:19	760
	java.sql.SQLException: The table 'bpm_filenet_request_log' is full	The table 'bpm_filenet_request_log' is full	2018-08-03 19:28:25	2018-09-04 10:00:19	760
	java.sql.SQLException: The table 'bpm_filenet_request_log' is full	The table 'bpm_filenet_request_log' is full	2018-08-03 19:28:04	2018-09-04 10:00:18	760
	java.sql.SQLException: The table 'bpm_filenet_request_log' is full	The table 'bpm_filenet_request_log' is full	2018-08-03 19:28:18	2018-09-04 10:00:18	760
	java.sql.SQLException: The table 'bpm_filenet_request_log' is full	The table 'bpm_filenet_request_log' is full	2018-08-03 19:28:19	2018-09-04 10:00:18	760
	java.sql.SQLException: The table 'bpm_filenet_request_log' is full	The table 'bpm_filenet_request_log' is full	2018-08-03 19:27:49	2018-09-04 10:00:17	760
	java.sql.SQLException: The table 'bpm_filenet_request_log' is full	The table 'bpm_filenet_request_log' is full	2018-08-03 19:27:50	2018-09-04 10:00:17	760
	java.sql.SQLException: The table 'bpm_filenet_request_log' is full	The table 'bpm_filenet_request_log' is full	2018-08-03 19:27:52	2018-09-04 10:00:17	760
	java.sql.SQLException: The table 'bpm_filenet_request_log' is full	The table 'bpm_filenet_request_log' is full	2018-08-03 19:28:04	2018-09-04 10:00:17	760
	java.sql.SQLException: The table 'bpm_filenet_request_log' is full	The table 'bpm_filenet_request_log' is full	2018-08-03 19:27:37	2018-09-04 10:00:16	760
	java.sql.SQLException: The table 'bpm_filenet_request_log' is full	The table 'bpm_filenet_request_log' is full	2018-08-03 19:27:37	2018-09-04 10:00:16	760
	java.sql.SQLException: The table 'bpm_filenet_request_log' is full	The table 'bpm_filenet_request_log' is full	2018-08-03 19:27:39	2018-09-04 10:00:16	760
	java.sql.SQLException: The table 'bpm_filenet_request_log' is full	The table 'bpm_filenet_request_log' is full	2018-08-03 19:27:41	2018-09-04 10:00:16	760
	java.sql.SQLException: The table 'bpm_filenet_request_log' is full	The table 'bpm_filenet_request_log' is full	2018-08-03 19:27:42	2018-09-04 10:00:16	760
	java.sql.SQLException: The table 'bpm_filenet_request_log' is full	The table 'bpm_filenet_request_log' is full	2018-08-03 19:27:44	2018-09-04 10:00:16	760
	java.sql.SQLException: The table 'bpm_filenet_request_log' is full	The table 'bpm_filenet_request_log' is full	2018-08-03 19:27:46	2018-09-04 10:00:16	760
	java.sql.SQLException: The table 'bpm_filenet_request_log' is full	The table 'bpm_filenet_request_log' is full	2018-08-03 19:27:20	2018-09-04 10:00:15	760
	java.sql.SQLException: The table 'bpm_filenet_request_log' is full	The table 'bpm_filenet_request_log' is full	2018-08-03 19:27:23	2018-09-04 10:00:15	760
	java.sql.SQLException: The table 'bpm_filenet_request_log' is full	The table 'bpm_filenet_request_log' is full	2018-08-03 19:27:25	2018-09-04 10:00:15	760
	java.sql.SQLException: The table 'bpm_filenet_request_log' is full	The table 'bpm_filenet_request_log' is full	2018-08-03 19:27:32	2018-09-04 10:00:15	760
	java.sql.SQLException: The table 'bpm_filenet_request_log' is full	The table 'bpm_filenet_request_log' is full	2018-08-03 19:27:36	2018-09-04 10:00:15	760
	java.sql.SQLException: The table 'bpm_filenet_request_log' is full	The table 'bpm_filenet_request_log' is full	2018-08-03 19:27:37	2018-09-04 10:00:15	760
	java.sql.SQLException: The table 'bpm_filenet_request_log' is full	The table 'bpm_filenet_request_log' is full	2018-08-03 19:25:11	2018-09-04 10:00:14	760
	java.sql.SQLException: The table 'bpm_filenet_request_log' is full	The table 'bpm_filenet_request_log' is full	2018-08-03 19:26:08	2018-09-04 10:00:14	760
	java.sql.SQLException: The table 'bpm_filenet_request_log' is full	The table 'bpm_filenet_request_log' is full	2018-08-03 19:26:08	2018-09-04 10:00:14	760
	java.sql.SQLException: The table 'bpm_filenet_request_log' is full	The table 'bpm_filenet_request_log' is full	2018-08-03 19:26:11	2018-09-04 10:00:14	760
	java.sql.SQLException: The table 'bpm_filenet_request_log' is full	The table 'bpm_filenet_request_log' is full	2018-08-03 19:26:11	2018-09-04 10:00:14	760
	java.sql.SQLException: The table 'bpm_filenet_request_log' is full	The table 'bpm_filenet_request_log' is full	2018-08-03 19:26:50	2018-09-04 10:00:14	760
	java.sql.SQLException: The table 'bpm_filenet_request_log' is full	The table 'bpm_filenet_request_log' is full	2018-08-03 19:27:20	2018-09-04 10:00:14	760
CKYC PHOTO	java.sql.SQLException: The table 'bpm_filenet_request_log' is full	Invalid File:- Mime Type not supported:- CKYC_PHOTO_0061510802.jpg 	2018-07-11 18:03:18	2018-09-04 10:00:13	1312
	java.sql.SQLException: The table 'bpm_filenet_request_log' is full	The table 'bpm_filenet_request_log' is full	2018-08-03 19:24:23	2018-09-04 10:00:13	760
	java.sql.SQLException: The table 'bpm_filenet_request_log' is full	The table 'bpm_filenet_request_log' is full	2018-08-03 19:24:24	2018-09-04 10:00:13	760
	java.sql.SQLException: The table 'bpm_filenet_request_log' is full	The table 'bpm_filenet_request_log' is full	2018-08-03 19:24:26	2018-09-04 10:00:13	760
	java.sql.SQLException: The table 'bpm_filenet_request_log' is full	The table 'bpm_filenet_request_log' is full	2018-08-03 19:24:26	2018-09-04 10:00:13	760
	java.sql.SQLException: The table 'bpm_filenet_request_log' is full	The table 'bpm_filenet_request_log' is full	2018-08-03 19:25:10	2018-09-04 10:00:13	760
CKYC PHOTO	java.sql.SQLException: The table 'bpm_filenet_request_log' is full	Invalid File:- Mime Type not supported:- CKYC_PHOTO_0061510802.jpg 	2018-07-11 18:03:06	2018-09-04 10:00:12	1312
CKYC PHOTO	java.sql.SQLException: The table 'bpm_filenet_request_log' is full	Invalid File:- Mime Type not supported:- CKYC_PHOTO_0061510802.jpg 	2018-07-11 18:02:40	2018-09-04 10:00:11	1312
CKYC PHOTO	java.sql.SQLException: The table 'bpm_filenet_request_log' is full	Invalid File:- Mime Type not supported:- CKYC_PHOTO_0061510802.jpg 	2018-07-11 17:54:03	2018-09-04 10:00:10	1313
CKYC PHOTO	java.sql.SQLException: The table 'bpm_filenet_request_log' is full	Invalid File:- Mime Type not supported:- CKYC_PHOTO_0061510802.jpg 	2018-07-11 17:54:13	2018-09-04 10:00:10	1313
CKYC PHOTO	java.sql.SQLException: The table 'bpm_filenet_request_log' is full	Invalid File:- Mime Type not supported:- CKYC_PHOTO_0061509538.jpg 	2018-07-11 17:49:47	2018-09-04 10:00:08	1313
APPLICATION_FORM	java.sql.SQLException: The table 'bpm_filenet_request_log' is full	The table 'bpm_filenet_request_log' is full	2018-07-10 18:08:00	2018-09-04 10:00:07	1337
APPLICATION_FORM	java.sql.SQLException: The table 'bpm_filenet_request_log' is full	The table 'bpm_filenet_request_log' is full	2018-07-10 18:10:03	2018-09-04 10:00:07	1336
	java.sql.SQLException: The table 'bpm_filenet_request_log' is full	The table 'bpm_filenet_request_log' is full	2018-07-11 15:43:08	2018-09-04 10:00:07	1315
	java.sql.SQLException: The table 'bpm_filenet_request_log' is full	The table 'bpm_filenet_request_log' is full	2018-07-10 17:28:01	2018-09-04 10:00:06	1338
	java.sql.SQLException: The table 'bpm_filenet_request_log' is full	The table 'bpm_filenet_request_log' is full	2018-07-10 17:28:06	2018-09-04 10:00:06	1338
	java.sql.SQLException: The table 'bpm_filenet_request_log' is full	The table 'bpm_filenet_request_log' is full	2018-07-10 17:43:12	2018-09-04 10:00:06	1338
	java.sql.SQLException: The table 'bpm_filenet_request_log' is full	The table 'bpm_filenet_request_log' is full	2018-07-10 18:00:22	2018-09-04 10:00:06	1337
APPLICATION_FORM	java.sql.SQLException: The table 'bpm_filenet_request_log' is full	The table 'bpm_filenet_request_log' is full	2018-07-10 18:04:15	2018-09-04 10:00:06	1337
	java.sql.SQLException: The table 'bpm_filenet_request_log' is full	The table 'bpm_filenet_request_log' is full	2018-07-10 15:39:17	2018-09-04 10:00:05	1340
	java.sql.SQLException: The table 'bpm_filenet_request_log' is full	The table 'bpm_filenet_request_log' is full	2018-07-10 15:45:19	2018-09-04 10:00:05	1340
	java.sql.SQLException: The table 'bpm_filenet_request_log' is full	The table 'bpm_filenet_request_log' is full	2018-07-10 17:04:42	2018-09-04 10:00:05	1338
	java.sql.SQLException: The table 'bpm_filenet_request_log' is full	The table 'bpm_filenet_request_log' is full	2018-07-10 17:06:24	2018-09-04 10:00:05	1338
	java.sql.SQLException: The table 'bpm_filenet_request_log' is full	The table 'bpm_filenet_request_log' is full	2018-07-10 17:15:16	2018-09-04 10:00:05	1338
	java.sql.SQLException: The table 'bpm_filenet_request_log' is full	The table 'bpm_filenet_request_log' is full	2018-07-10 17:15:18	2018-09-04 10:00:05	1338
	java.sql.SQLException: The table 'bpm_filenet_request_log' is full	The table 'bpm_filenet_request_log' is full	2018-07-10 17:20:22	2018-09-04 10:00:05	1338
	java.sql.SQLException: The table 'bpm_filenet_request_log' is full	The table 'bpm_filenet_request_log' is full	2018-07-10 17:20:24	2018-09-04 10:00:05	1338
	java.sql.SQLException: The table 'bpm_filenet_request_log' is full	The table 'bpm_filenet_request_log' is full	2018-07-10 13:48:16	2018-09-04 10:00:04	1342
	java.sql.SQLException: The table 'bpm_filenet_request_log' is full	The table 'bpm_filenet_request_log' is full	2018-07-10 13:51:52	2018-09-04 10:00:04	1342
	java.sql.SQLException: The table 'bpm_filenet_request_log' is full	The table 'bpm_filenet_request_log' is full	2018-07-10 13:51:53	2018-09-04 10:00:04	1342
	java.sql.SQLException: The table 'bpm_filenet_request_log' is full	The table 'bpm_filenet_request_log' is full	2018-07-10 15:11:01	2018-09-04 10:00:04	1340
	java.sql.SQLException: The table 'bpm_filenet_request_log' is full	The table 'bpm_filenet_request_log' is full	2018-07-10 15:20:36	2018-09-04 10:00:04	1340
	java.sql.SQLException: The table 'bpm_filenet_request_log' is full	The table 'bpm_filenet_request_log' is full	2018-07-10 15:26:25	2018-09-04 10:00:04	1340
	java.sql.SQLException: The table 'bpm_filenet_request_log' is full	The table 'bpm_filenet_request_log' is full	2018-07-10 15:33:55	2018-09-04 10:00:04	1340
	java.sql.SQLException: The table 'bpm_filenet_request_log' is full	The table 'bpm_filenet_request_log' is full	2018-07-09 18:07:20	2018-09-04 10:00:03	1361
	java.sql.SQLException: The table 'bpm_filenet_request_log' is full	The table 'bpm_filenet_request_log' is full	2018-07-09 18:12:22	2018-09-04 10:00:03	1361
	java.sql.SQLException: The table 'bpm_filenet_request_log' is full	The table 'bpm_filenet_request_log' is full	2018-07-09 18:12:22	2018-09-04 10:00:03	1361
	java.sql.SQLException: The table 'bpm_filenet_request_log' is full	The table 'bpm_filenet_request_log' is full	2018-07-10 13:45:54	2018-09-04 10:00:03	1342
	java.sql.SQLException: The table 'bpm_filenet_request_log' is full	The table 'bpm_filenet_request_log' is full	2018-07-10 13:45:54	2018-09-04 10:00:03	1342
	java.sql.SQLException: The table 'bpm_filenet_request_log' is full	The table 'bpm_filenet_request_log' is full	2018-07-10 13:48:15	2018-09-04 10:00:03	1342
	java.sql.SQLException: The table 'bpm_filenet_request_log' is full	The table 'bpm_filenet_request_log' is full	2018-07-09 18:07:17	2018-09-04 10:00:02	1361
CKYC PHOTO	NULL	NULL	2018-08-05 20:00:09	2018-08-05 21:00:19	1
CKYC PHOTO	NULL	NULL	2018-08-05 19:57:43	2018-08-05 20:00:25	1
CKYC PHOTO	NULL	NULL	2018-08-05 19:57:38	2018-08-05 20:00:24	1
CKYC PHOTO	NULL	NULL	2018-08-05 19:54:44	2018-08-05 20:00:23	1
CKYC PHOTO	NULL	NULL	2018-08-05 19:54:52	2018-08-05 20:00:23	1
CKYC PHOTO	NULL	NULL	2018-08-05 19:54:44	2018-08-05 20:00:22	1
CKYC PHOTO	NULL	NULL	2018-08-05 19:53:14	2018-08-05 20:00:21	1
CKYC PHOTO	NULL	NULL	2018-08-05 19:53:15	2018-08-05 20:00:21	1
CKYC PHOTO	NULL	NULL	2018-08-05 19:51:14	2018-08-05 20:00:20	1
CKYC PHOTO	NULL	NULL	2018-08-05 19:50:36	2018-08-05 20:00:19	1
INVOICE	NULL	NULL	2018-08-05 19:25:33	2018-08-05 20:00:18	1
CKYC PHOTO	NULL	NULL	2018-08-03 18:58:05	2018-08-03 19:00:15	1
CKYC PHOTO	NULL	NULL	2018-08-03 18:58:04	2018-08-03 19:00:14	1
CKYC PHOTO	NULL	NULL	2018-08-03 18:58:03	2018-08-03 19:00:13	1
CKYC PHOTO	java.net.ConnectException: Connection refused: no further information	Connection refused: no further information	2018-08-02 17:28:39	2018-08-02 19:16:32	2
CKYC PHOTO	java.net.ConnectException: Connection refused: no further information	Connection refused: no further information	2018-08-02 16:23:23	2018-08-02 19:16:30	3
CKYC PHOTO	java.net.ConnectException: Connection refused: no further information	Connection refused: no further information	2018-08-02 16:22:30	2018-08-02 19:16:29	3
INVOICE	NULL	NULL	2018-08-02 15:16:32	2018-08-02 16:15:38	1
CKYC PHOTO	NULL	NULL	2018-08-02 15:14:07	2018-08-02 16:15:37	1
CKYC PHOTO	NULL	NULL	2018-08-02 15:11:39	2018-08-02 16:15:36	1
CKYC PHOTO	NULL	NULL	2018-08-02 15:10:59	2018-08-02 16:15:35	1
CKYC PHOTO	NULL	NULL	2018-08-02 14:33:43	2018-08-02 16:15:34	2
CKYC PHOTO	NULL	NULL	2018-08-02 14:33:42	2018-08-02 16:15:33	2
INVOICE	NULL	NULL	2018-08-02 14:33:41	2018-08-02 16:15:31	2
INVOICE	NULL	NULL	2018-08-02 14:33:41	2018-08-02 16:15:31	2
INVOICE	NULL	NULL	2018-08-02 14:33:36	2018-08-02 16:15:30	2
INVOICE	java.net.ConnectException: Connection refused: no further information	Connection refused: no further information	2018-08-02 11:35:17	2018-08-02 16:15:29	5
INVOICE	java.net.ConnectException: Connection refused: no further information	Connection refused: no further information	2018-08-02 11:23:18	2018-08-02 16:15:28	5
INVOICE	java.net.ConnectException: Connection refused: no further information	Connection refused: no further information	2018-08-02 11:22:55	2018-08-02 16:15:27	5
INVOICE	java.net.ConnectException: Connection refused: no further information	Connection refused: no further information	2018-08-02 11:16:01	2018-08-02 16:15:25	5
INVOICE	java.net.ConnectException: Connection refused: no further information	Connection refused: no further information	2018-08-02 11:16:01	2018-08-02 16:15:24	5
INVOICE	java.net.ConnectException: Connection refused: no further information	Connection refused: no further information	2018-08-02 11:15:37	2018-08-02 16:15:23	5
INVOICE	java.net.ConnectException: Connection refused: no further information	Connection refused: no further information	2018-08-02 11:15:37	2018-08-02 16:15:22	5
INVOICE	java.net.ConnectException: Connection refused: no further information	Connection refused: no further information	2018-08-02 11:08:57	2018-08-02 16:15:21	5
INVOICE	java.net.ConnectException: Connection refused: no further information	Connection refused: no further information	2018-08-02 11:07:53	2018-08-02 16:15:20	5
INVOICE	java.net.ConnectException: Connection refused: no further information	Connection refused: no further information	2018-08-01 19:42:33	2018-08-02 16:15:19	21
INVOICE	java.net.ConnectException: Connection refused: no further information	Connection refused: no further information	2018-08-01 19:42:32	2018-08-02 16:15:18	21
INVOICE	java.net.ConnectException: Connection refused: no further information	Connection refused: no further information	2018-08-01 19:39:42	2018-08-02 16:15:17	21
INVOICE	java.net.ConnectException: Connection refused: no further information	Connection refused: no further information	2018-08-01 19:39:39	2018-08-02 16:15:16	21
INVOICE	java.net.ConnectException: Connection refused: no further information	Connection refused: no further information	2018-08-01 19:36:23	2018-08-02 16:15:15	21
INVOICE	java.net.ConnectException: Connection refused: no further information	Connection refused: no further information	2018-08-01 19:36:02	2018-08-02 16:15:14	21
INVOICE	java.net.ConnectException: Connection refused: no further information	Connection refused: no further information	2018-08-01 19:34:43	2018-08-02 16:15:13	21
INVOICE	java.net.ConnectException: Connection refused: no further information	Connection refused: no further information	2018-08-01 19:33:22	2018-08-02 16:15:12	21
INVOICE	java.net.ConnectException: Connection refused: no further information	Connection refused: no further information	2018-08-01 19:33:21	2018-08-02 16:15:11	21
INVOICE	java.net.ConnectException: Connection refused: no further information	Connection refused: no further information	2018-08-01 19:32:32	2018-08-02 16:15:10	21
INVOICE	java.net.ConnectException: Connection refused: no further information	Connection refused: no further information	2018-08-01 19:32:32	2018-08-02 16:15:09	21
INVOICE	java.net.ConnectException: Connection refused: no further information	Connection refused: no further information	2018-08-01 19:28:15	2018-08-02 16:15:08	21
INVOICE	java.net.ConnectException: Connection refused: no further information	Connection refused: no further information	2018-08-01 19:28:15	2018-08-02 16:15:07	21
INVOICE	java.net.ConnectException: Connection refused: no further information	Connection refused: no further information	2018-08-01 19:26:59	2018-08-02 16:15:06	21
INVOICE	java.net.ConnectException: Connection refused: no further information	Connection refused: no further information	2018-08-01 19:26:50	2018-08-02 16:15:05	21
INVOICE	java.net.ConnectException: Connection refused: no further information	Connection refused: no further information	2018-08-01 19:26:20	2018-08-02 16:15:04	21
INVOICE	java.net.ConnectException: Connection refused: no further information	Connection refused: no further information	2018-08-01 19:26:48	2018-08-02 16:15:04	21
INVOICE	java.net.ConnectException: Connection refused: no further information	Connection refused: no further information	2018-08-01 19:26:00	2018-08-02 16:15:02	21
INVOICE	java.net.ConnectException: Connection refused: no further information	Connection refused: no further information	2018-08-01 19:25:51	2018-08-02 16:15:01	21
INVOICE	java.net.ConnectException: Connection refused: no further information	Connection refused: no further information	2018-08-01 19:25:42	2018-08-02 16:15:00	21
INVOICE	java.net.ConnectException: Connection refused: no further information	Connection refused: no further information	2018-08-01 19:24:59	2018-08-02 16:14:59	21
INVOICE	java.net.ConnectException: Connection refused: no further information	Connection refused: no further information	2018-08-01 19:24:55	2018-08-02 16:14:58	21
INVOICE	java.net.ConnectException: Connection refused: no further information	Connection refused: no further information	2018-08-01 19:24:52	2018-08-02 16:14:57	21
INVOICE	java.net.ConnectException: Connection refused: no further information	Connection refused: no further information	2018-08-01 19:24:47	2018-08-02 16:14:56	21
INVOICE	java.net.ConnectException: Connection refused: no further information	Connection refused: no further information	2018-08-01 19:24:46	2018-08-02 16:14:55	21
INVOICE	java.net.ConnectException: Connection refused: no further information	Connection refused: no further information	2018-08-01 19:24:43	2018-08-02 16:14:54	21
INVOICE	java.net.ConnectException: Connection refused: no further information	Connection refused: no further information	2018-08-01 19:24:31	2018-08-02 16:14:53	21
INVOICE	java.net.ConnectException: Connection refused: no further information	Connection refused: no further information	2018-08-01 19:24:27	2018-08-02 16:14:52	21
INVOICE	java.net.ConnectException: Connection refused: no further information	Connection refused: no further information	2018-08-01 19:24:25	2018-08-02 16:14:51	21
INVOICE	java.net.ConnectException: Connection refused: no further information	Connection refused: no further information	2018-08-01 19:24:25	2018-08-02 16:14:50	21
INVOICE	java.net.ConnectException: Connection refused: no further information	Connection refused: no further information	2018-08-01 19:24:22	2018-08-02 16:14:49	21
INVOICE	java.net.ConnectException: Connection refused: no further information	Connection refused: no further information	2018-08-01 19:24:22	2018-08-02 16:14:48	21
INVOICE	java.net.ConnectException: Connection refused: no further information	Connection refused: no further information	2018-08-01 19:24:21	2018-08-02 16:14:47	21
INVOICE	java.net.ConnectException: Connection refused: no further information	Connection refused: no further information	2018-08-01 19:24:21	2018-08-02 16:14:46	21
INVOICE	java.net.ConnectException: Connection refused: no further information	Connection refused: no further information	2018-08-01 19:24:21	2018-08-02 16:14:45	21
INVOICE	java.net.ConnectException: Connection refused: no further information	Connection refused: no further information	2018-08-01 19:24:20	2018-08-02 16:14:43	21
INVOICE	java.net.ConnectException: Connection refused: no further information	Connection refused: no further information	2018-08-01 19:24:19	2018-08-02 16:14:42	21
INVOICE	java.net.ConnectException: Connection refused: no further information	Connection refused: no further information	2018-08-01 18:57:05	2018-08-02 16:14:41	22
INVOICE	java.net.ConnectException: Connection refused: no further information	Connection refused: no further information	2018-08-01 18:54:06	2018-08-02 16:14:40	22
INVOICE	java.net.ConnectException: Connection refused: no further information	Connection refused: no further information	2018-08-01 18:53:24	2018-08-02 16:14:39	22
INVOICE	java.net.ConnectException: Connection refused: no further information	Connection refused: no further information	2018-08-01 18:51:53	2018-08-02 16:14:38	22
INVOICE	java.net.ConnectException: Connection refused: no further information	Connection refused: no further information	2018-08-01 18:51:53	2018-08-02 16:14:37	22
INVOICE	java.net.ConnectException: Connection refused: no further information	Connection refused: no further information	2018-08-01 18:50:47	2018-08-02 16:14:36	22
INVOICE	java.net.ConnectException: Connection refused: no further information	Connection refused: no further information	2018-08-01 18:50:47	2018-08-02 16:14:35	22
INVOICE	java.net.ConnectException: Connection refused: no further information	Connection refused: no further information	2018-08-01 18:50:35	2018-08-02 16:14:34	22
INVOICE	java.net.ConnectException: Connection refused: no further information	Connection refused: no further information	2018-08-01 18:50:34	2018-08-02 16:14:33	22
INVOICE	java.net.ConnectException: Connection refused: no further information	Connection refused: no further information	2018-08-01 18:44:57	2018-08-02 16:14:32	22
INVOICE	java.net.ConnectException: Connection refused: no further information	Connection refused: no further information	2018-08-01 18:44:56	2018-08-02 16:14:31	22
INVOICE	java.net.ConnectException: Connection refused: no further information	Connection refused: no further information	2018-08-01 18:44:00	2018-08-02 16:14:30	22
INVOICE	java.net.ConnectException: Connection refused: no further information	Connection refused: no further information	2018-08-01 18:42:28	2018-08-02 16:14:29	22
INVOICE	java.net.ConnectException: Connection refused: no further information	Connection refused: no further information	2018-08-01 18:41:50	2018-08-02 16:14:28	22
CKYC PHOTO	NULL	NULL	2018-07-19 18:17:14	2018-07-19 19:00:14	1
PURCHASED GOODS	NULL	NULL	2018-07-19 15:05:49	2018-07-19 16:00:14	1
PURCHASED GOODS	NULL	NULL	2018-07-19 15:05:49	2018-07-19 16:00:13	1
PURCHASED GOODS	NULL	NULL	2018-07-19 15:05:44	2018-07-19 16:00:12	1
INVOICE	NULL	NULL	2018-07-17 17:03:54	2018-07-17 18:00:15	1
INVOICE	NULL	NULL	2018-07-17 17:03:54	2018-07-17 18:00:14	1
INVOICE	NULL	NULL	2018-07-17 17:03:54	2018-07-17 18:00:13	1
CKYC PHOTO	NULL	NULL	2018-07-14 20:25:19	2018-07-14 21:00:12	1
CKYC PHOTO	NULL	NULL	2018-07-14 20:25:19	2018-07-14 21:00:11	1
CKYC PHOTO	NULL	NULL	2018-07-13 20:30:37	2018-07-13 21:00:15	1
CKYC PHOTO	NULL	NULL	2018-07-13 16:57:34	2018-07-13 17:00:22	1
CKYC PHOTO	NULL	NULL	2018-07-13 16:55:40	2018-07-13 17:00:21	1
CKYC PHOTO	NULL	NULL	2018-07-13 16:55:02	2018-07-13 17:00:20	1
CKYC PHOTO	NULL	NULL	2018-07-13 16:54:48	2018-07-13 17:00:19	1
CKYC PHOTO	NULL	NULL	2018-07-13 16:52:48	2018-07-13 17:00:18	1
CKYC PHOTO	NULL	NULL	2018-07-13 16:54:30	2018-07-13 17:00:18	1
CKYC PHOTO	NULL	NULL	2018-07-13 16:51:17	2018-07-13 17:00:17	1
CKYC PHOTO	NULL	NULL	2018-07-13 16:50:24	2018-07-13 17:00:16	1
CKYC PHOTO	NULL	NULL	2018-07-13 16:47:35	2018-07-13 17:00:15	1
CKYC PHOTO	NULL	NULL	2018-07-13 16:46:50	2018-07-13 17:00:14	1
CKYC PHOTO	NULL	NULL	2018-07-13 16:46:01	2018-07-13 17:00:13	1
CKYC PHOTO	NULL	NULL	2018-07-13 16:15:15	2018-07-13 17:00:12	1
CKYC PHOTO	NULL	NULL	2018-07-13 15:07:14	2018-07-13 16:00:24	1
CKYC PHOTO	NULL	NULL	2018-07-13 15:07:29	2018-07-13 16:00:24	1
CKYC PHOTO	NULL	NULL	2018-07-13 15:07:12	2018-07-13 16:00:23	1
CKYC PHOTO	NULL	NULL	2018-07-13 15:06:28	2018-07-13 16:00:21	1
CKYC PHOTO	NULL	NULL	2018-07-13 15:06:24	2018-07-13 16:00:20	1
CKYC PHOTO	NULL	NULL	2018-07-13 15:06:22	2018-07-13 16:00:18	1
CKYC PHOTO	NULL	NULL	2018-07-13 15:06:19	2018-07-13 16:00:17	1
CKYC PHOTO	NULL	NULL	2018-07-13 15:06:14	2018-07-13 16:00:16	1
CKYC PHOTO	NULL	NULL	2018-07-13 15:05:25	2018-07-13 16:00:15	1
CKYC PHOTO	NULL	NULL	2018-07-13 15:03:43	2018-07-13 16:00:14	1
CKYC PHOTO	NULL	NULL	2018-07-13 14:58:58	2018-07-13 15:00:31	1
CKYC PHOTO	NULL	NULL	2018-07-13 14:58:44	2018-07-13 15:00:30	1
CKYC PHOTO	NULL	NULL	2018-07-13 14:58:36	2018-07-13 15:00:29	1
CKYC PHOTO	NULL	NULL	2018-07-13 14:58:36	2018-07-13 15:00:28	1
CKYC PHOTO	NULL	NULL	2018-07-13 14:58:33	2018-07-13 15:00:27	1
CKYC PHOTO	NULL	NULL	2018-07-13 14:58:33	2018-07-13 15:00:26	1
CKYC PHOTO	NULL	NULL	2018-07-13 14:58:22	2018-07-13 15:00:25	1
CKYC PHOTO	NULL	NULL	2018-07-13 14:56:15	2018-07-13 15:00:24	1
CKYC PHOTO	NULL	NULL	2018-07-13 14:55:48	2018-07-13 15:00:23	1
CKYC PHOTO	NULL	NULL	2018-07-13 14:55:48	2018-07-13 15:00:22	1
CKYC PHOTO	NULL	NULL	2018-07-13 14:55:48	2018-07-13 15:00:21	1
CKYC PHOTO	NULL	NULL	2018-07-13 14:55:42	2018-07-13 15:00:20	1
CKYC PHOTO	NULL	NULL	2018-07-13 14:55:42	2018-07-13 15:00:19	1
CKYC PHOTO	NULL	NULL	2018-07-13 14:55:42	2018-07-13 15:00:18	1
CKYC PHOTO	NULL	NULL	2018-07-13 14:52:41	2018-07-13 15:00:17	1
CKYC PHOTO	NULL	NULL	2018-07-13 14:52:11	2018-07-13 15:00:16	1
CKYC PHOTO	NULL	NULL	2018-07-13 14:52:11	2018-07-13 15:00:15	1
CKYC PHOTO	NULL	NULL	2018-07-13 14:52:10	2018-07-13 15:00:14	1
CKYC PHOTO	NULL	NULL	2018-07-13 14:52:10	2018-07-13 15:00:13	1
CKYC PHOTO	NULL	NULL	2018-07-13 14:52:09	2018-07-13 15:00:12	1
CKYC PHOTO	NULL	NULL	2018-07-13 13:32:34	2018-07-13 14:00:43	1
CKYC PHOTO	NULL	NULL	2018-07-13 13:32:24	2018-07-13 14:00:42	1
CKYC PHOTO	NULL	NULL	2018-07-13 13:32:24	2018-07-13 14:00:41	1
CKYC PHOTO	NULL	NULL	2018-07-13 13:32:24	2018-07-13 14:00:40	1
CKYC PHOTO	NULL	NULL	2018-07-13 13:32:10	2018-07-13 14:00:39	1
CKYC PHOTO	NULL	NULL	2018-07-13 13:32:10	2018-07-13 14:00:38	1
CKYC PHOTO	NULL	NULL	2018-07-13 13:32:09	2018-07-13 14:00:37	1
CKYC PHOTO	NULL	NULL	2018-07-13 13:32:08	2018-07-13 14:00:36	1
CKYC PHOTO	NULL	NULL	2018-07-13 13:32:00	2018-07-13 14:00:35	1
CKYC PHOTO	NULL	NULL	2018-07-13 13:31:58	2018-07-13 14:00:34	1
CKYC PHOTO	NULL	NULL	2018-07-13 13:31:41	2018-07-13 14:00:33	1
CKYC PHOTO	NULL	NULL	2018-07-13 13:31:40	2018-07-13 14:00:32	1
CKYC PHOTO	NULL	NULL	2018-07-13 13:31:41	2018-07-13 14:00:32	1
CKYC PHOTO	NULL	NULL	2018-07-13 13:28:04	2018-07-13 14:00:31	1
CKYC PHOTO	NULL	NULL	2018-07-13 13:13:19	2018-07-13 14:00:30	1
CKYC PHOTO	NULL	NULL	2018-07-13 13:12:51	2018-07-13 14:00:29	1
CKYC PHOTO	NULL	NULL	2018-07-13 13:12:51	2018-07-13 14:00:27	1
CKYC PHOTO	NULL	NULL	2018-07-13 13:12:43	2018-07-13 14:00:26	1
CKYC PHOTO	NULL	NULL	2018-07-13 13:12:43	2018-07-13 14:00:25	1
CKYC PHOTO	NULL	NULL	2018-07-13 13:12:43	2018-07-13 14:00:24	1
CKYC PHOTO	NULL	NULL	2018-07-13 13:12:43	2018-07-13 14:00:23	1
CKYC PHOTO	NULL	NULL	2018-07-13 13:06:26	2018-07-13 14:00:22	1
CKYC PHOTO	NULL	NULL	2018-07-13 13:06:29	2018-07-13 14:00:22	1
CKYC PHOTO	NULL	NULL	2018-07-13 13:06:25	2018-07-13 14:00:21	1
CKYC PHOTO	NULL	NULL	2018-07-13 13:06:25	2018-07-13 14:00:19	1
CKYC PHOTO	NULL	NULL	2018-07-13 13:06:25	2018-07-13 14:00:19	1
CKYC PHOTO	NULL	NULL	2018-07-13 13:06:25	2018-07-13 14:00:18	1
CKYC PHOTO	NULL	NULL	2018-07-13 13:06:24	2018-07-13 14:00:17	1
CKYC PHOTO	NULL	NULL	2018-07-13 13:04:15	2018-07-13 14:00:15	1
CKYC PHOTO	NULL	NULL	2018-07-13 13:04:15	2018-07-13 14:00:15	1
CKYC PHOTO	NULL	NULL	2018-07-13 13:04:14	2018-07-13 14:00:14	1
CKYC PHOTO	NULL	NULL	2018-07-13 12:59:48	2018-07-13 14:00:13	2
CKYC PHOTO	NULL	NULL	2018-07-13 12:59:48	2018-07-13 14:00:12	2
CKYC PHOTO	NULL	NULL	2018-07-13 12:59:47	2018-07-13 13:00:57	1
CKYC PHOTO	NULL	NULL	2018-07-13 12:59:47	2018-07-13 13:00:56	1
CKYC PHOTO	NULL	NULL	2018-07-13 12:59:44	2018-07-13 13:00:55	1
CKYC PHOTO	NULL	NULL	2018-07-13 12:57:58	2018-07-13 13:00:54	1
CKYC PHOTO	NULL	NULL	2018-07-13 12:59:43	2018-07-13 13:00:54	1
CKYC PHOTO	NULL	NULL	2018-07-13 12:57:58	2018-07-13 13:00:53	1
CKYC PHOTO	NULL	NULL	2018-07-13 12:57:57	2018-07-13 13:00:52	1
CKYC PHOTO	NULL	NULL	2018-07-13 12:57:57	2018-07-13 13:00:51	1
CKYC PHOTO	NULL	NULL	2018-07-13 12:57:57	2018-07-13 13:00:50	1
CKYC PHOTO	NULL	NULL	2018-07-13 12:57:57	2018-07-13 13:00:50	1
CKYC PHOTO	NULL	NULL	2018-07-13 12:57:57	2018-07-13 13:00:49	1
CKYC PHOTO	NULL	NULL	2018-07-13 12:52:37	2018-07-13 13:00:48	1
CKYC PHOTO	NULL	NULL	2018-07-13 12:52:37	2018-07-13 13:00:47	1
CKYC PHOTO	NULL	NULL	2018-07-13 12:52:36	2018-07-13 13:00:46	1
CKYC PHOTO	NULL	NULL	2018-07-13 12:52:32	2018-07-13 13:00:45	1
CKYC PHOTO	NULL	NULL	2018-07-13 12:37:59	2018-07-13 13:00:44	1
CKYC PHOTO	NULL	NULL	2018-07-13 12:37:58	2018-07-13 13:00:43	1
CKYC PHOTO	NULL	NULL	2018-07-13 12:37:58	2018-07-13 13:00:43	1
CKYC PHOTO	NULL	NULL	2018-07-13 12:37:43	2018-07-13 13:00:42	1
CKYC PHOTO	NULL	NULL	2018-07-13 12:37:43	2018-07-13 13:00:41	1
CKYC PHOTO	NULL	NULL	2018-07-13 12:37:43	2018-07-13 13:00:40	1
CKYC PHOTO	NULL	NULL	2018-07-13 12:37:43	2018-07-13 13:00:39	1
CKYC PHOTO	NULL	NULL	2018-07-13 12:37:42	2018-07-13 13:00:38	1
CKYC PHOTO	NULL	NULL	2018-07-13 12:26:43	2018-07-13 13:00:37	1
CKYC PHOTO	NULL	NULL	2018-07-13 12:26:43	2018-07-13 13:00:37	1
CKYC PHOTO	NULL	NULL	2018-07-13 12:26:42	2018-07-13 13:00:36	1
CKYC PHOTO	NULL	NULL	2018-07-13 12:26:42	2018-07-13 13:00:35	1
CKYC PHOTO	NULL	NULL	2018-07-13 12:26:33	2018-07-13 13:00:34	1
CKYC PHOTO	NULL	NULL	2018-07-13 12:26:33	2018-07-13 13:00:33	1
CKYC PHOTO	NULL	NULL	2018-07-13 12:26:32	2018-07-13 13:00:32	1
CKYC PHOTO	NULL	NULL	2018-07-13 12:26:32	2018-07-13 13:00:31	1
CKYC PHOTO	NULL	NULL	2018-07-13 12:26:32	2018-07-13 13:00:30	1
CKYC PHOTO	NULL	NULL	2018-07-13 12:26:16	2018-07-13 13:00:29	1
CKYC PHOTO	NULL	NULL	2018-07-13 12:23:18	2018-07-13 13:00:28	1
CKYC PHOTO	NULL	NULL	2018-07-13 12:23:18	2018-07-13 13:00:28	1
CKYC PHOTO	NULL	NULL	2018-07-13 12:23:17	2018-07-13 13:00:27	1
CKYC PHOTO	NULL	NULL	2018-07-13 12:23:17	2018-07-13 13:00:26	1
CKYC PHOTO	NULL	NULL	2018-07-13 12:23:17	2018-07-13 13:00:25	1
CKYC PHOTO	NULL	NULL	2018-07-13 12:18:32	2018-07-13 13:00:24	1
CKYC PHOTO	NULL	NULL	2018-07-13 12:17:31	2018-07-13 13:00:23	1
CKYC PHOTO	NULL	NULL	2018-07-13 12:17:30	2018-07-13 13:00:22	1
CKYC PHOTO	NULL	NULL	2018-07-13 12:17:30	2018-07-13 13:00:22	1
CKYC PHOTO	NULL	NULL	2018-07-13 12:17:25	2018-07-13 13:00:21	1
CKYC PHOTO	NULL	NULL	2018-07-13 12:17:04	2018-07-13 13:00:20	1
CKYC PHOTO	NULL	NULL	2018-07-13 12:17:03	2018-07-13 13:00:19	1
CKYC PHOTO	NULL	NULL	2018-07-13 12:17:03	2018-07-13 13:00:18	1
CKYC PHOTO	NULL	NULL	2018-07-13 12:17:03	2018-07-13 13:00:17	1
CKYC PHOTO	NULL	NULL	2018-07-13 12:03:20	2018-07-13 13:00:16	1
CKYC PHOTO	NULL	NULL	2018-07-13 12:03:20	2018-07-13 13:00:15	1
PURCHASED GOODS	NULL	NULL	2018-07-12 15:45:04	2018-07-12 16:00:12	1
CKYC PHOTO	NULL	NULL	2018-07-11 20:10:15	2018-07-11 21:00:15	1
CKYC PHOTO	NULL	NULL	2018-07-11 20:04:16	2018-07-11 21:00:14	1
CKYC PHOTO	NULL	NULL	2018-07-11 20:04:14	2018-07-11 21:00:13	1
CKYC PHOTO	NULL	NULL	2018-07-11 19:48:44	2018-07-11 20:00:20	1
CKYC PHOTO	NULL	NULL	2018-07-11 19:48:04	2018-07-11 20:00:19	1
CKYC PHOTO	NULL	NULL	2018-07-11 19:48:04	2018-07-11 20:00:19	1
CKYC PHOTO	NULL	NULL	2018-07-11 19:48:04	2018-07-11 20:00:18	1
CKYC PHOTO	NULL	NULL	2018-07-11 19:44:47	2018-07-11 20:00:17	1
CKYC PHOTO	NULL	NULL	2018-07-11 19:44:46	2018-07-11 20:00:16	1
CKYC PHOTO	NULL	NULL	2018-07-11 19:43:41	2018-07-11 20:00:15	1
CKYC PHOTO	NULL	NULL	2018-07-11 19:43:41	2018-07-11 20:00:14	1
CKYC PHOTO	NULL	NULL	2018-07-11 19:43:41	2018-07-11 20:00:13	1
PURCHASED GOODS	NULL	NULL	2018-07-10 17:24:30	2018-07-10 18:00:10	1
PURCHASED GOODS	NULL	NULL	2018-07-10 17:24:29	2018-07-10 18:00:09	1
PURCHASED GOODS	NULL	NULL	2018-07-10 17:24:29	2018-07-10 18:00:08	1
PURCHASED GOODS	NULL	NULL	2018-07-10 17:24:29	2018-07-10 18:00:07	1
PURCHASED GOODS	NULL	NULL	2018-07-10 14:36:46	2018-07-10 15:00:12	1
INVOICE	NULL	NULL	2018-07-10 14:29:33	2018-07-10 15:00:11	1
INVOICE	NULL	NULL	2018-07-10 14:29:32	2018-07-10 15:00:10	1
PURCHASED GOODS	NULL	NULL	2018-07-10 14:27:48	2018-07-10 15:00:08	1
PURCHASED GOODS	NULL	NULL	2018-07-10 14:27:31	2018-07-10 15:00:07	1
PURCHASED GOODS	NULL	NULL	2018-07-10 14:27:29	2018-07-10 15:00:05	1
PURCHASED GOODS	NULL	NULL	2018-07-10 14:26:44	2018-07-10 15:00:04	1
CKYC PHOTO	NULL	NULL	2018-07-02 14:43:00	2018-07-02 15:00:03	1
CKYC PHOTO	NULL	NULL	2018-06-28 19:32:28	2018-06-28 20:00:08	1
CKYC PHOTO	NULL	NULL	2018-06-28 19:32:19	2018-06-28 20:00:06	1
CKYC PHOTO	NULL	NULL	2018-06-28 19:31:20	2018-06-28 20:00:05	1
CKYC PHOTO	NULL	NULL	2018-06-28 19:31:11	2018-06-28 20:00:04	1
CKYC PHOTO	NULL	NULL	2018-06-28 16:08:30	2018-06-28 17:00:12	1
CKYC PHOTO	NULL	NULL	2018-06-28 16:08:26	2018-06-28 17:00:07	1
CKYC PHOTO	NULL	NULL	2018-06-27 19:20:50	2018-06-27 20:00:13	1
CKYC PHOTO	NULL	NULL	2018-06-27 19:20:46	2018-06-27 20:00:10	1
CKYC PHOTO	NULL	NULL	2018-06-27 19:20:42	2018-06-27 20:00:06	1
CKYC PHOTO	NULL	NULL	2018-06-27 18:55:49	2018-06-27 19:00:05	1
DELIVERY PROOF	NULL	NULL	2018-06-25 10:54:42	2018-06-25 11:00:05	1
DELIVERY PROOF	NULL	NULL	2018-06-25 10:54:40	2018-06-25 11:00:04	1
DELIVERY PROOF	NULL	NULL	2018-06-25 10:43:21	2018-06-25 11:00:03	1
CKYC PHOTO	NULL	NULL	2018-06-24 16:53:43	2018-06-24 17:00:11	1
CKYC PHOTO	NULL	NULL	2018-06-24 16:48:37	2018-06-24 17:00:09	1
CKYC PHOTO	NULL	NULL	2018-06-24 16:41:29	2018-06-24 17:00:08	1
CKYC PHOTO	NULL	NULL	2018-06-24 16:37:27	2018-06-24 17:00:06	1
CKYC PHOTO	NULL	NULL	2018-06-24 16:35:23	2018-06-24 17:00:03	1
CKYC PHOTO	NULL	NULL	2018-06-23 18:00:11	2018-06-23 19:00:05	1
CKYC PHOTO	NULL	NULL	2018-06-22 12:17:26	2018-06-22 13:00:04	1
CKYC PHOTO	NULL	NULL	2018-06-22 11:02:06	2018-06-22 12:00:04	1
CKYC PHOTO	NULL	NULL	2018-06-21 19:14:26	2018-06-21 20:00:10	1
CKYC PHOTO	NULL	NULL	2018-06-21 19:14:25	2018-06-21 20:00:09	1
CKYC PHOTO	NULL	NULL	2018-06-21 19:14:25	2018-06-21 20:00:07	1
CKYC PHOTO	NULL	NULL	2018-06-21 19:14:10	2018-06-21 20:00:06	1
CKYC PHOTO	NULL	NULL	2018-06-21 19:14:05	2018-06-21 20:00:04	1
CKYC PHOTO	NULL	NULL	2018-06-21 19:14:04	2018-06-21 20:00:03	1
CKYC PHOTO	NULL	NULL	2018-06-21 18:34:40	2018-06-21 19:00:03	1
CKYC PHOTO	NULL	NULL	2018-06-21 16:46:13	2018-06-21 17:00:03	1
CKYC PHOTO	NULL	NULL	2018-06-20 11:34:59	2018-06-20 12:00:13	1
CKYC PHOTO	NULL	NULL	2018-06-20 11:22:49	2018-06-20 12:00:11	1
CKYC PHOTO	NULL	NULL	2018-06-20 11:17:30	2018-06-20 12:00:09	1
CKYC PHOTO	NULL	NULL	2018-06-15 12:26:35	2018-06-15 13:00:07	1
CKYC PHOTO	NULL	NULL	2018-06-15 12:24:23	2018-06-15 13:00:05	1
CKYC PHOTO	NULL	NULL	2018-06-15 12:23:01	2018-06-15 13:00:03	1
CKYC PHOTO	NULL	NULL	2018-06-14 19:56:04	2018-06-14 20:00:03	1
CKYC PHOTO	NULL	NULL	2018-05-25 16:31:54	2018-06-06 20:00:11	2
PURCHASED GOODS	NULL	NULL	2018-05-25 16:30:27	2018-06-06 20:00:10	2
PURCHASED GOODS	NULL	NULL	2018-05-25 16:31:57	2018-05-25 17:00:12	1
PURCHASED GOODS	NULL	NULL	2018-05-25 16:30:27	2018-05-25 17:00:09	1
PURCHASED GOODS	NULL	NULL	2018-05-25 16:30:19	2018-05-25 17:00:08	1
DELIVERY PROOF	NULL	NULL	2018-05-07 11:28:51	2018-05-07 12:00:08	1
DELIVERY PROOF	NULL	NULL	2018-05-01 10:36:47	2018-05-01 11:00:08	1
DELIVERY PROOF	NULL	NULL	2018-04-26 17:07:57	2018-04-26 18:00:08	1
DELIVERY PROOF	NULL	NULL	2018-04-26 11:29:04	2018-04-26 11:48:51	1
DELIVERY PROOF	NULL	NULL	2018-04-26 11:28:42	2018-04-26 11:48:50	1
DELIVERY PROOF	NULL	NULL	2018-04-26 11:27:33	2018-04-26 11:48:49	1
DELIVERY PROOF	NULL	NULL	2018-04-26 11:27:33	2018-04-26 11:48:48	1
DELIVERY PROOF	NULL	NULL	2018-04-26 11:27:07	2018-04-26 11:48:46	1
DELIVERY PROOF	NULL	NULL	2018-04-26 11:27:11	2018-04-26 11:48:46	1
DELIVERY PROOF	NULL	NULL	2018-04-26 10:36:29	2018-04-26 11:00:29	1
DELIVERY PROOF	NULL	NULL	2018-04-26 10:36:29	2018-04-26 11:00:27	1
DELIVERY PROOF	NULL	NULL	2018-04-26 10:34:51	2018-04-26 11:00:25	1
DELIVERY PROOF	NULL	NULL	2018-04-26 10:34:50	2018-04-26 11:00:24	1
DELIVERY PROOF	NULL	NULL	2018-04-26 10:34:42	2018-04-26 11:00:23	1
DELIVERY PROOF	NULL	NULL	2018-04-26 10:20:42	2018-04-26 11:00:22	1
DELIVERY PROOF	NULL	NULL	2018-04-26 10:18:49	2018-04-26 11:00:21	1
DELIVERY PROOF	NULL	NULL	2018-04-26 10:18:42	2018-04-26 11:00:20	1
DELIVERY PROOF	NULL	NULL	2018-04-26 10:18:42	2018-04-26 11:00:19	1
DELIVERY PROOF	NULL	NULL	2018-04-26 10:16:57	2018-04-26 11:00:18	1
DELIVERY PROOF	NULL	NULL	2018-04-26 10:16:57	2018-04-26 11:00:17	1
DELIVERY PROOF	NULL	NULL	2018-04-26 10:16:48	2018-04-26 11:00:16	1
DELIVERY PROOF	NULL	NULL	2018-04-26 10:16:48	2018-04-26 11:00:15	1
DELIVERY PROOF	NULL	NULL	2018-04-26 10:15:17	2018-04-26 11:00:13	1
DELIVERY PROOF	NULL	NULL	2018-04-26 10:15:17	2018-04-26 11:00:12	1
DELIVERY PROOF	NULL	NULL	2018-04-26 10:15:09	2018-04-26 11:00:11	1
DELIVERY PROOF	NULL	NULL	2018-04-26 10:15:09	2018-04-26 11:00:10	1
DELIVERY PROOF	NULL	NULL	2018-04-26 10:03:14	2018-04-26 11:00:08	1
DELIVERY PROOF	NULL	NULL	2018-04-25 22:28:12	2018-04-25 23:00:12	1
DELIVERY PROOF	NULL	NULL	2018-04-25 22:28:07	2018-04-25 23:00:10	1
DELIVERY PROOF	NULL	NULL	2018-04-25 22:28:03	2018-04-25 23:00:09	1
DELIVERY PROOF	NULL	NULL	2018-04-25 22:27:40	2018-04-25 23:00:08	1
DELIVERY PROOF	NULL	NULL	2018-04-25 19:50:04	2018-04-25 19:56:52	1
DELIVERY PROOF	NULL	NULL	2018-04-25 19:49:59	2018-04-25 19:56:51	1
DELIVERY PROOF	NULL	NULL	2018-04-25 19:49:54	2018-04-25 19:56:50	1
DELIVERY PROOF	NULL	NULL	2018-04-25 19:49:50	2018-04-25 19:56:49	1
DELIVERY PROOF	NULL	NULL	2018-04-25 19:43:51	2018-04-25 19:44:27	1
DELIVERY PROOF	NULL	NULL	2018-04-25 19:43:47	2018-04-25 19:44:26	1
DELIVERY PROOF	NULL	NULL	2018-04-25 19:43:38	2018-04-25 19:44:25	1
DELIVERY PROOF	NULL	NULL	2018-04-25 19:43:42	2018-04-25 19:44:25	1
DELIVERY PROOF	NULL	NULL	2018-04-25 19:41:43	2018-04-25 19:44:24	1
DELIVERY PROOF	NULL	NULL	2018-04-25 19:41:39	2018-04-25 19:44:23	1
DELIVERY PROOF	NULL	NULL	2018-04-25 19:41:35	2018-04-25 19:44:22	1
DELIVERY PROOF	NULL	NULL	2018-04-25 19:24:49	2018-04-25 19:44:21	1
DELIVERY PROOF	NULL	NULL	2018-04-25 19:41:31	2018-04-25 19:44:21	1
DELIVERY PROOF	NULL	NULL	2018-04-25 19:24:43	2018-04-25 19:44:20	1
DELIVERY PROOF	NULL	NULL	2018-04-25 19:24:39	2018-04-25 19:44:19	1
DELIVERY PROOF	NULL	NULL	2018-04-25 19:24:12	2018-04-25 19:44:18	1
DELIVERY PROOF	NULL	NULL	2018-04-25 19:22:24	2018-04-25 19:23:37	1
DELIVERY PROOF	NULL	NULL	2018-04-25 19:22:20	2018-04-25 19:23:36	1
DELIVERY PROOF	NULL	NULL	2018-04-25 19:22:16	2018-04-25 19:23:35	1
DELIVERY PROOF	NULL	NULL	2018-04-25 19:22:12	2018-04-25 19:23:34	1
DELIVERY PROOF	NULL	NULL	2018-04-25 19:20:09	2018-04-25 19:21:51	1
DELIVERY PROOF	NULL	NULL	2018-04-25 19:18:27	2018-04-25 19:21:50	1
DELIVERY PROOF	NULL	NULL	2018-04-25 19:18:27	2018-04-25 19:21:49	1
DELIVERY PROOF	NULL	NULL	2018-04-25 19:18:19	2018-04-25 19:21:48	1
DELIVERY PROOF	NULL	NULL	2018-04-25 19:15:55	2018-04-25 19:21:47	1
DELIVERY PROOF	NULL	NULL	2018-04-25 19:15:50	2018-04-25 19:21:46	1
DELIVERY PROOF	NULL	NULL	2018-04-25 19:15:42	2018-04-25 19:21:45	1
DELIVERY PROOF	NULL	NULL	2018-04-25 19:14:46	2018-04-25 19:21:44	1
DELIVERY PROOF	NULL	NULL	2018-04-25 19:05:48	2018-04-25 19:21:43	1
DELIVERY PROOF	NULL	NULL	2018-04-25 19:04:28	2018-04-25 19:21:42	1
DELIVERY PROOF	NULL	NULL	2018-04-25 19:04:25	2018-04-25 19:21:41	1
DELIVERY PROOF	NULL	NULL	2018-04-25 19:04:18	2018-04-25 19:21:40	1
DELIVERY PROOF	NULL	NULL	2018-04-25 19:04:18	2018-04-25 19:21:39	1
DELIVERY PROOF	NULL	NULL	2018-04-25 18:57:00	2018-04-25 19:01:33	1
DELIVERY PROOF	NULL	NULL	2018-04-25 18:56:57	2018-04-25 19:01:32	1
DELIVERY PROOF	NULL	NULL	2018-04-25 18:56:54	2018-04-25 19:01:31	1
DELIVERY PROOF	NULL	NULL	2018-04-25 18:56:49	2018-04-25 19:01:29	1
DELIVERY PROOF	NULL	NULL	2018-04-25 18:54:27	2018-04-25 19:01:28	1
DELIVERY PROOF	NULL	NULL	2018-04-25 18:52:46	2018-04-25 19:01:26	1
DELIVERY PROOF	NULL	NULL	2018-04-25 18:52:45	2018-04-25 19:01:22	1
DELIVERY PROOF	NULL	NULL	2018-04-25 18:52:45	2018-04-25 19:01:21	1
DELIVERY PROOF	NULL	NULL	2018-04-25 18:52:35	2018-04-25 19:01:19	1
DELIVERY PROOF	NULL	NULL	2018-04-25 18:52:35	2018-04-25 19:01:18	1
DELIVERY PROOF	NULL	NULL	2018-04-25 18:50:58	2018-04-25 19:01:17	1
DELIVERY PROOF	NULL	NULL	2018-04-25 18:50:58	2018-04-25 19:01:16	1
DELIVERY PROOF	NULL	NULL	2018-04-25 18:49:28	2018-04-25 19:01:15	1
DELIVERY PROOF	NULL	NULL	2018-04-25 18:49:28	2018-04-25 19:01:14	1
DELIVERY PROOF	NULL	NULL	2018-04-25 18:49:12	2018-04-25 19:01:13	1
DELIVERY PROOF	NULL	NULL	2018-04-25 18:39:58	2018-04-25 19:01:12	1
DELIVERY PROOF	NULL	NULL	2018-04-25 18:39:58	2018-04-25 19:01:11	1
DELIVERY PROOF	NULL	NULL	2018-04-25 18:39:36	2018-04-25 19:01:10	1
DELIVERY PROOF	NULL	NULL	2018-04-25 18:39:36	2018-04-25 19:01:09	1
DELIVERY PROOF	NULL	NULL	2018-04-25 18:38:13	2018-04-25 19:01:08	1
DELIVERY PROOF	NULL	NULL	2018-04-25 18:37:42	2018-04-25 19:01:07	1
DELIVERY PROOF	NULL	NULL	2018-04-25 18:37:42	2018-04-25 19:01:06	1
DELIVERY PROOF	NULL	NULL	2018-04-25 18:37:35	2018-04-25 19:01:05	1
DELIVERY PROOF	NULL	NULL	2018-04-25 18:37:09	2018-04-25 19:01:04	1
DELIVERY PROOF	NULL	NULL	2018-04-25 18:37:34	2018-04-25 19:01:04	1
DELIVERY PROOF	NULL	NULL	2018-04-25 18:37:08	2018-04-25 19:01:03	1
DELIVERY PROOF	NULL	NULL	2018-04-25 18:35:14	2018-04-25 19:01:01	1
DELIVERY PROOF	NULL	NULL	2018-04-25 18:35:12	2018-04-25 19:01:00	1
DELIVERY PROOF	NULL	NULL	2018-04-25 18:35:03	2018-04-25 19:00:59	1
DELIVERY PROOF	NULL	NULL	2018-04-25 18:34:57	2018-04-25 19:00:58	1
DELIVERY PROOF	NULL	NULL	2018-04-25 18:35:03	2018-04-25 19:00:58	1
DELIVERY PROOF	NULL	NULL	2018-04-25 18:34:56	2018-04-25 19:00:57	1
DELIVERY PROOF	NULL	NULL	2018-04-25 18:28:59	2018-04-25 19:00:56	1
DELIVERY PROOF	NULL	NULL	2018-04-25 18:28:18	2018-04-25 19:00:55	1
DELIVERY PROOF	NULL	NULL	2018-04-25 18:28:11	2018-04-25 19:00:54	1
DELIVERY PROOF	NULL	NULL	2018-04-25 18:26:35	2018-04-25 19:00:53	1
DELIVERY PROOF	NULL	NULL	2018-04-25 18:26:34	2018-04-25 19:00:52	1
DELIVERY PROOF	NULL	NULL	2018-04-25 18:26:22	2018-04-25 19:00:51	1
DELIVERY PROOF	NULL	NULL	2018-04-25 18:26:27	2018-04-25 19:00:51	1
DELIVERY PROOF	NULL	NULL	2018-04-25 18:26:06	2018-04-25 19:00:50	1
DELIVERY PROOF	NULL	NULL	2018-04-25 18:26:05	2018-04-25 19:00:49	1
DELIVERY PROOF	NULL	NULL	2018-04-25 18:22:49	2018-04-25 19:00:48	1
DELIVERY PROOF	NULL	NULL	2018-04-25 18:22:48	2018-04-25 19:00:47	1
DELIVERY PROOF	NULL	NULL	2018-04-25 18:22:26	2018-04-25 19:00:46	1
DELIVERY PROOF	NULL	NULL	2018-04-25 18:22:25	2018-04-25 19:00:45	1
DELIVERY PROOF	NULL	NULL	2018-04-25 18:22:24	2018-04-25 19:00:44	1
DELIVERY PROOF	NULL	NULL	2018-04-25 18:21:09	2018-04-25 19:00:43	1
DELIVERY PROOF	NULL	NULL	2018-04-25 18:19:59	2018-04-25 19:00:42	1
DELIVERY PROOF	NULL	NULL	2018-04-25 18:19:58	2018-04-25 19:00:41	1
DELIVERY PROOF	NULL	NULL	2018-04-25 18:19:49	2018-04-25 19:00:40	1
DELIVERY PROOF	NULL	NULL	2018-04-25 18:19:48	2018-04-25 19:00:39	1
DELIVERY PROOF	NULL	NULL	2018-04-25 18:19:48	2018-04-25 19:00:38	1
DELIVERY PROOF	NULL	NULL	2018-04-25 18:11:39	2018-04-25 19:00:37	1
DELIVERY PROOF	NULL	NULL	2018-04-25 18:10:16	2018-04-25 19:00:36	1
DELIVERY PROOF	NULL	NULL	2018-04-25 18:10:16	2018-04-25 19:00:35	1
DELIVERY PROOF	NULL	NULL	2018-04-25 18:10:09	2018-04-25 19:00:34	1
DELIVERY PROOF	NULL	NULL	2018-04-25 18:10:09	2018-04-25 19:00:33	1
DELIVERY PROOF	NULL	NULL	2018-04-25 18:10:00	2018-04-25 19:00:32	1
DELIVERY PROOF	NULL	NULL	2018-04-25 18:09:59	2018-04-25 19:00:31	1
DELIVERY PROOF	NULL	NULL	2018-04-25 18:08:17	2018-04-25 19:00:30	1
DELIVERY PROOF	NULL	NULL	2018-04-25 18:08:17	2018-04-25 19:00:29	1
DELIVERY PROOF	NULL	NULL	2018-04-25 18:06:41	2018-04-25 19:00:28	1
DELIVERY PROOF	NULL	NULL	2018-04-25 18:06:41	2018-04-25 19:00:27	1
DELIVERY PROOF	NULL	NULL	2018-04-25 18:06:40	2018-04-25 19:00:26	1
DELIVERY PROOF	NULL	NULL	2018-04-25 18:04:52	2018-04-25 19:00:25	1
DELIVERY PROOF	NULL	NULL	2018-04-25 18:04:51	2018-04-25 19:00:24	1
DELIVERY PROOF	NULL	NULL	2018-04-25 18:04:39	2018-04-25 19:00:23	1
DELIVERY PROOF	NULL	NULL	2018-04-25 18:04:39	2018-04-25 19:00:22	1
DELIVERY PROOF	NULL	NULL	2018-04-25 18:04:39	2018-04-25 19:00:21	1
DELIVERY PROOF	NULL	NULL	2018-04-25 18:03:12	2018-04-25 19:00:20	1
DELIVERY PROOF	NULL	NULL	2018-04-25 18:03:12	2018-04-25 19:00:18	1
DELIVERY PROOF	NULL	NULL	2018-04-25 18:02:54	2018-04-25 19:00:17	1
DELIVERY PROOF	NULL	NULL	2018-04-25 18:02:54	2018-04-25 19:00:16	1
DELIVERY PROOF	NULL	NULL	2018-04-25 18:02:45	2018-04-25 19:00:15	1
DELIVERY PROOF	NULL	NULL	2018-04-25 18:01:29	2018-04-25 19:00:14	1
DELIVERY PROOF	NULL	NULL	2018-04-25 18:01:28	2018-04-25 19:00:13	1
DELIVERY PROOF	NULL	NULL	2018-04-25 18:01:21	2018-04-25 19:00:12	1
DELIVERY PROOF	NULL	NULL	2018-04-25 18:01:21	2018-04-25 19:00:11	1
DELIVERY PROOF	NULL	NULL	2018-04-25 18:01:12	2018-04-25 19:00:10	1
DELIVERY PROOF	NULL	NULL	2018-04-25 18:01:12	2018-04-25 19:00:09	1
DELIVERY PROOF	NULL	NULL	2018-04-25 17:59:25	2018-04-25 18:00:51	1
DELIVERY PROOF	NULL	NULL	2018-04-25 17:59:25	2018-04-25 18:00:51	1
DELIVERY PROOF	NULL	NULL	2018-04-25 17:59:13	2018-04-25 18:00:50	1
DELIVERY PROOF	NULL	NULL	2018-04-25 17:56:32	2018-04-25 18:00:48	1
DELIVERY PROOF	NULL	NULL	2018-04-25 17:53:11	2018-04-25 18:00:47	1
DELIVERY PROOF	NULL	NULL	2018-04-25 17:39:56	2018-04-25 18:00:46	1
DELIVERY PROOF	NULL	NULL	2018-04-25 17:39:48	2018-04-25 18:00:45	1
DELIVERY PROOF	NULL	NULL	2018-04-25 17:38:27	2018-04-25 18:00:43	1
DELIVERY PROOF	NULL	NULL	2018-04-25 17:38:27	2018-04-25 18:00:41	1
DELIVERY PROOF	NULL	NULL	2018-04-25 17:38:18	2018-04-25 18:00:40	1
DELIVERY PROOF	NULL	NULL	2018-04-25 17:38:18	2018-04-25 18:00:39	1
DELIVERY PROOF	NULL	NULL	2018-04-25 17:34:30	2018-04-25 18:00:38	1
DELIVERY PROOF	NULL	NULL	2018-04-25 17:26:16	2018-04-25 18:00:36	1
DELIVERY PROOF	NULL	NULL	2018-04-25 17:26:10	2018-04-25 18:00:35	1
DELIVERY PROOF	NULL	NULL	2018-04-25 17:26:10	2018-04-25 18:00:34	1
DELIVERY PROOF	NULL	NULL	2018-04-25 17:26:09	2018-04-25 18:00:33	1
DELIVERY PROOF	NULL	NULL	2018-04-25 17:26:05	2018-04-25 18:00:32	1
DELIVERY PROOF	NULL	NULL	2018-04-25 17:26:04	2018-04-25 18:00:31	1
DELIVERY PROOF	NULL	NULL	2018-04-25 17:26:04	2018-04-25 18:00:30	1
DELIVERY PROOF	NULL	NULL	2018-04-25 17:26:01	2018-04-25 18:00:29	1
DELIVERY PROOF	NULL	NULL	2018-04-25 17:25:55	2018-04-25 18:00:28	1
DELIVERY PROOF	NULL	NULL	2018-04-25 17:18:22	2018-04-25 18:00:27	1
DELIVERY PROOF	NULL	NULL	2018-04-25 17:16:55	2018-04-25 18:00:26	1
DELIVERY PROOF	NULL	NULL	2018-04-25 17:16:54	2018-04-25 18:00:25	1
DELIVERY PROOF	NULL	NULL	2018-04-25 17:13:03	2018-04-25 18:00:24	1
DELIVERY PROOF	NULL	NULL	2018-04-25 17:11:27	2018-04-25 18:00:23	1
DELIVERY PROOF	NULL	NULL	2018-04-25 17:11:26	2018-04-25 18:00:22	1
DELIVERY PROOF	NULL	NULL	2018-04-25 17:11:18	2018-04-25 18:00:21	1
DELIVERY PROOF	NULL	NULL	2018-04-25 17:11:18	2018-04-25 18:00:20	1
DELIVERY PROOF	NULL	NULL	2018-04-25 17:08:50	2018-04-25 18:00:18	1
DELIVERY PROOF	NULL	NULL	2018-04-25 17:08:45	2018-04-25 18:00:17	1
DELIVERY PROOF	NULL	NULL	2018-04-25 17:07:22	2018-04-25 18:00:16	1
DELIVERY PROOF	NULL	NULL	2018-04-25 17:07:21	2018-04-25 18:00:15	1
DELIVERY PROOF	NULL	NULL	2018-04-25 17:07:21	2018-04-25 18:00:14	1
DELIVERY PROOF	NULL	NULL	2018-04-25 17:07:11	2018-04-25 18:00:13	1
DELIVERY PROOF	NULL	NULL	2018-04-25 17:05:11	2018-04-25 18:00:11	1
DELIVERY PROOF	NULL	NULL	2018-04-25 17:05:11	2018-04-25 18:00:10	1
DELIVERY PROOF	NULL	NULL	2018-04-25 17:00:31	2018-04-25 18:00:09	1
DELIVERY PROOF	NULL	NULL	2018-04-25 16:56:37	2018-04-25 17:00:41	1
DELIVERY PROOF	NULL	NULL	2018-04-25 16:56:37	2018-04-25 17:00:40	1
DELIVERY PROOF	NULL	NULL	2018-04-25 16:21:28	2018-04-25 17:00:39	1
DELIVERY PROOF	NULL	NULL	2018-04-25 16:21:27	2018-04-25 17:00:38	1
DELIVERY PROOF	NULL	NULL	2018-04-25 16:20:00	2018-04-25 17:00:37	1
DELIVERY PROOF	NULL	NULL	2018-04-25 16:20:00	2018-04-25 17:00:36	1
DELIVERY PROOF	NULL	NULL	2018-04-25 16:19:52	2018-04-25 17:00:34	1
DELIVERY PROOF	NULL	NULL	2018-04-25 16:17:02	2018-04-25 17:00:33	1
DELIVERY PROOF	NULL	NULL	2018-04-25 16:17:02	2018-04-25 17:00:32	1
DELIVERY PROOF	NULL	NULL	2018-04-25 16:15:23	2018-04-25 17:00:31	1
DELIVERY PROOF	NULL	NULL	2018-04-25 16:12:44	2018-04-25 17:00:29	1
DELIVERY PROOF	NULL	NULL	2018-04-25 16:15:23	2018-04-25 17:00:29	1
DELIVERY PROOF	NULL	NULL	2018-04-25 16:11:26	2018-04-25 17:00:28	1
DELIVERY PROOF	NULL	NULL	2018-04-25 16:11:26	2018-04-25 17:00:27	1
DELIVERY PROOF	NULL	NULL	2018-04-25 16:11:22	2018-04-25 17:00:26	1
DELIVERY PROOF	NULL	NULL	2018-04-25 16:11:21	2018-04-25 17:00:25	1
DELIVERY PROOF	NULL	NULL	2018-04-25 16:11:14	2018-04-25 17:00:24	1
DELIVERY PROOF	NULL	NULL	2018-04-25 16:11:14	2018-04-25 17:00:23	1
DELIVERY PROOF	NULL	NULL	2018-04-25 16:11:10	2018-04-25 17:00:22	1
DELIVERY PROOF	NULL	NULL	2018-04-25 16:11:06	2018-04-25 17:00:21	1
DELIVERY PROOF	NULL	NULL	2018-04-25 16:09:24	2018-04-25 17:00:19	1
DELIVERY PROOF	NULL	NULL	2018-04-25 16:09:10	2018-04-25 17:00:18	1
DELIVERY PROOF	NULL	NULL	2018-04-25 16:08:06	2018-04-25 17:00:17	1
DELIVERY PROOF	NULL	NULL	2018-04-25 16:08:04	2018-04-25 17:00:16	1
DELIVERY PROOF	NULL	NULL	2018-04-25 16:07:58	2018-04-25 17:00:15	1
DELIVERY PROOF	NULL	NULL	2018-04-25 16:07:57	2018-04-25 17:00:13	1
DELIVERY PROOF	NULL	NULL	2018-04-25 16:07:54	2018-04-25 17:00:12	1
DELIVERY PROOF	NULL	NULL	2018-04-25 16:07:54	2018-04-25 17:00:11	1
DELIVERY PROOF	NULL	NULL	2018-04-25 16:07:49	2018-04-25 17:00:10	1
DELIVERY PROOF	NULL	NULL	2018-04-25 16:07:49	2018-04-25 17:00:09	1
DELIVERY PROOF	NULL	NULL	2018-04-25 15:57:09	2018-04-25 16:00:24	1
DELIVERY PROOF	NULL	NULL	2018-04-25 15:55:29	2018-04-25 16:00:23	1
DELIVERY PROOF	NULL	NULL	2018-04-25 15:55:28	2018-04-25 16:00:22	1
DELIVERY PROOF	NULL	NULL	2018-04-25 15:52:52	2018-04-25 16:00:21	1
DELIVERY PROOF	NULL	NULL	2018-04-25 15:52:56	2018-04-25 16:00:21	1
DELIVERY PROOF	NULL	NULL	2018-04-25 15:52:52	2018-04-25 16:00:20	1
DELIVERY PROOF	NULL	NULL	2018-04-25 15:31:34	2018-04-25 16:00:19	1
DELIVERY PROOF	NULL	NULL	2018-04-25 15:29:35	2018-04-25 16:00:18	1
DELIVERY PROOF	NULL	NULL	2018-04-25 15:29:34	2018-04-25 16:00:17	1
DELIVERY PROOF	NULL	NULL	2018-04-25 15:29:34	2018-04-25 16:00:16	1
DELIVERY PROOF	NULL	NULL	2018-04-25 15:18:11	2018-04-25 16:00:15	1
DELIVERY PROOF	NULL	NULL	2018-04-25 15:15:18	2018-04-25 16:00:14	1
DELIVERY PROOF	NULL	NULL	2018-04-25 15:15:19	2018-04-25 16:00:14	1
DELIVERY PROOF	NULL	NULL	2018-04-25 15:15:18	2018-04-25 16:00:13	1
DELIVERY PROOF	NULL	NULL	2018-04-25 15:14:00	2018-04-25 16:00:12	1
DELIVERY PROOF	NULL	NULL	2018-04-25 15:12:41	2018-04-25 16:00:11	1
DELIVERY PROOF	NULL	NULL	2018-04-25 15:12:41	2018-04-25 16:00:10	1
DELIVERY PROOF	NULL	NULL	2018-04-25 15:12:40	2018-04-25 16:00:09	1
DELIVERY PROOF	NULL	NULL	2018-04-25 15:11:03	2018-04-25 16:00:08	1
DELIVERY PROOF	NULL	NULL	2018-04-25 13:33:00	2018-04-25 14:00:14	1
DELIVERY PROOF	NULL	NULL	2018-04-25 13:29:36	2018-04-25 14:00:13	1
DELIVERY PROOF	NULL	NULL	2018-04-25 13:27:10	2018-04-25 14:00:12	1
DELIVERY PROOF	NULL	NULL	2018-04-25 12:12:23	2018-04-25 13:00:11	1
DELIVERY PROOF	NULL	NULL	2018-04-25 12:12:21	2018-04-25 13:00:10	1
DELIVERY PROOF	NULL	NULL	2018-04-25 12:12:19	2018-04-25 13:00:09	1
CKYC PHOTO	NULL	NULL	2018-04-25 11:03:48	2018-04-25 12:00:09	1
CKYC PHOTO	NULL	NULL	2018-04-25 10:50:19	2018-04-25 11:00:21	1
CKYC PHOTO	NULL	NULL	2018-04-25 10:31:17	2018-04-25 11:00:20	1
CKYC PHOTO	NULL	NULL	2018-04-25 10:26:51	2018-04-25 11:00:19	1
PURCHASED GOODS	NULL	NULL	2018-04-24 23:11:25	2018-04-25 00:00:12	1
CKYC PHOTO	NULL	NULL	2018-04-24 23:11:28	2018-04-25 00:00:12	1
PURCHASED GOODS	NULL	NULL	2018-04-24 23:11:21	2018-04-25 00:00:11	1
PURCHASED GOODS	NULL	NULL	2018-04-24 23:10:42	2018-04-25 00:00:10	1
CKYC PHOTO	NULL	NULL	2018-04-24 23:02:01	2018-04-25 00:00:09	1
PURCHASED GOODS	NULL	NULL	2018-04-24 23:01:57	2018-04-25 00:00:08	1
PURCHASED GOODS	NULL	NULL	2018-04-24 22:58:05	2018-04-24 23:00:58	1
PURCHASED GOODS	NULL	NULL	2018-04-24 22:46:27	2018-04-24 23:00:56	1
PURCHASED GOODS	NULL	NULL	2018-04-24 22:46:13	2018-04-24 23:00:55	1
CKYC PHOTO	NULL	NULL	2018-04-24 22:46:13	2018-04-24 23:00:54	1
PURCHASED GOODS	NULL	NULL	2018-04-24 22:45:25	2018-04-24 23:00:53	1
CKYC PHOTO	NULL	NULL	2018-04-24 22:45:25	2018-04-24 23:00:52	1
PURCHASED GOODS	NULL	NULL	2018-04-24 22:45:13	2018-04-24 23:00:51	1
PURCHASED GOODS	NULL	NULL	2018-04-24 22:45:10	2018-04-24 23:00:49	1
CKYC PHOTO	NULL	NULL	2018-04-24 22:44:00	2018-04-24 23:00:48	1
PURCHASED GOODS	NULL	NULL	2018-04-24 22:43:57	2018-04-24 23:00:47	1
PURCHASED GOODS	NULL	NULL	2018-04-24 22:43:53	2018-04-24 23:00:46	1
PURCHASED GOODS	NULL	NULL	2018-04-24 22:43:49	2018-04-24 23:00:45	1
PURCHASED GOODS	NULL	NULL	2018-04-24 22:34:00	2018-04-24 23:00:44	1
PURCHASED GOODS	NULL	NULL	2018-04-24 22:34:00	2018-04-24 23:00:42	1
PURCHASED GOODS	NULL	NULL	2018-04-24 22:34:00	2018-04-24 23:00:41	1
PURCHASED GOODS	NULL	NULL	2018-04-24 22:31:45	2018-04-24 23:00:40	1
PURCHASED GOODS	NULL	NULL	2018-04-24 22:31:45	2018-04-24 23:00:39	1
PURCHASED GOODS	NULL	NULL	2018-04-24 22:31:45	2018-04-24 23:00:38	1
CKYC PHOTO	NULL	NULL	2018-04-24 22:31:45	2018-04-24 23:00:37	1
CKYC PHOTO	NULL	NULL	2018-04-24 22:29:01	2018-04-24 23:00:36	1
PURCHASED GOODS	NULL	NULL	2018-04-24 22:28:32	2018-04-24 23:00:35	1
CKYC PHOTO	NULL	NULL	2018-04-24 22:28:11	2018-04-24 23:00:33	1
PURCHASED GOODS	NULL	NULL	2018-04-24 22:28:00	2018-04-24 23:00:32	1
PURCHASED GOODS	NULL	NULL	2018-04-24 22:27:31	2018-04-24 23:00:31	1
CKYC PHOTO	NULL	NULL	2018-04-24 22:27:31	2018-04-24 23:00:29	1
CKYC PHOTO	NULL	NULL	2018-04-24 22:22:14	2018-04-24 23:00:28	1
PURCHASED GOODS	NULL	NULL	2018-04-24 22:22:11	2018-04-24 23:00:26	1
PURCHASED GOODS	NULL	NULL	2018-04-24 22:22:07	2018-04-24 23:00:25	1
CKYC PHOTO	NULL	NULL	2018-04-24 22:17:50	2018-04-24 23:00:24	1
PURCHASED GOODS	NULL	NULL	2018-04-24 22:17:46	2018-04-24 23:00:23	1
PURCHASED GOODS	NULL	NULL	2018-04-24 22:17:23	2018-04-24 23:00:22	1
PURCHASED GOODS	NULL	NULL	2018-04-24 22:17:19	2018-04-24 23:00:20	1
INVOICE	NULL	NULL	2018-04-24 22:15:56	2018-04-24 23:00:19	1
INVOICE	NULL	NULL	2018-04-24 22:15:53	2018-04-24 23:00:18	1
INVOICE	NULL	NULL	2018-04-24 22:15:48	2018-04-24 23:00:16	1
INVOICE	NULL	NULL	2018-04-24 22:15:43	2018-04-24 23:00:15	1
INVOICE	NULL	NULL	2018-04-24 22:15:38	2018-04-24 23:00:14	1
INVOICE	NULL	NULL	2018-04-24 22:15:33	2018-04-24 23:00:12	1
CKYC PHOTO	NULL	NULL	2018-04-24 22:13:46	2018-04-24 23:00:11	1
PURCHASED GOODS	NULL	NULL	2018-04-24 22:13:43	2018-04-24 23:00:10	1
PURCHASED GOODS	NULL	NULL	2018-04-24 22:13:39	2018-04-24 23:00:09	1
INVOICE	NULL	NULL	2018-04-24 21:00:03	2018-04-24 22:00:08	1
INVOICE	NULL	NULL	2018-04-24 20:59:55	2018-04-24 21:00:13	1
INVOICE	NULL	NULL	2018-04-24 20:59:48	2018-04-24 21:00:11	1
INVOICE	NULL	NULL	2018-04-24 20:59:20	2018-04-24 21:00:09	1
INVOICE	NULL	NULL	2018-04-24 20:59:09	2018-04-24 21:00:08	1
INVOICE	NULL	NULL	2018-04-24 19:13:40	2018-04-24 20:00:13	1
INVOICE	NULL	NULL	2018-04-24 19:13:35	2018-04-24 20:00:12	1
INVOICE	NULL	NULL	2018-04-24 19:13:30	2018-04-24 20:00:11	1
INVOICE	NULL	NULL	2018-04-24 19:13:26	2018-04-24 20:00:10	1
INVOICE	NULL	NULL	2018-04-24 19:13:21	2018-04-24 20:00:08	1
INVOICE	NULL	NULL	2018-04-24 18:42:20	2018-04-24 19:00:47	1
INVOICE	NULL	NULL	2018-04-24 18:42:03	2018-04-24 19:00:46	1
INVOICE	NULL	NULL	2018-04-24 18:41:59	2018-04-24 19:00:45	1
INVOICE	NULL	NULL	2018-04-24 18:41:55	2018-04-24 19:00:43	1
INVOICE	NULL	NULL	2018-04-24 18:41:51	2018-04-24 19:00:42	1
INVOICE	NULL	NULL	2018-04-24 18:27:32	2018-04-24 19:00:40	1
INVOICE	NULL	NULL	2018-04-24 18:27:27	2018-04-24 19:00:39	1
INVOICE	NULL	NULL	2018-04-24 18:27:20	2018-04-24 19:00:38	1
INVOICE	NULL	NULL	2018-04-24 18:27:15	2018-04-24 19:00:36	1
INVOICE	NULL	NULL	2018-04-24 18:27:10	2018-04-24 19:00:34	1
INVOICE	NULL	NULL	2018-04-24 18:27:04	2018-04-24 19:00:33	1
INVOICE	NULL	NULL	2018-04-24 18:23:32	2018-04-24 19:00:31	1
INVOICE	NULL	NULL	2018-04-24 18:23:24	2018-04-24 19:00:30	1
INVOICE	NULL	NULL	2018-04-24 18:23:18	2018-04-24 19:00:29	1
INVOICE	NULL	NULL	2018-04-24 18:23:12	2018-04-24 19:00:27	1
INVOICE	NULL	NULL	2018-04-24 18:20:48	2018-04-24 19:00:26	1
INVOICE	NULL	NULL	2018-04-24 18:20:03	2018-04-24 19:00:24	1
INVOICE	NULL	NULL	2018-04-24 18:19:18	2018-04-24 19:00:22	1
INVOICE	NULL	NULL	2018-04-24 18:19:18	2018-04-24 19:00:20	1
INVOICE	NULL	NULL	2018-04-24 18:18:52	2018-04-24 19:00:18	1
INVOICE	NULL	NULL	2018-04-24 18:18:51	2018-04-24 19:00:16	1
INVOICE	NULL	NULL	2018-04-24 18:18:09	2018-04-24 19:00:15	1
INVOICE	NULL	NULL	2018-04-24 18:18:09	2018-04-24 19:00:12	1
INVOICE	NULL	NULL	2018-04-24 18:01:02	2018-04-24 19:00:10	1
INVOICE	NULL	NULL	2018-04-24 18:00:53	2018-04-24 19:00:08	1
INVOICE	NULL	NULL	2018-04-24 17:59:16	2018-04-24 18:00:24	1
INVOICE	NULL	NULL	2018-04-24 17:59:12	2018-04-24 18:00:23	1
INVOICE	NULL	NULL	2018-04-24 17:59:07	2018-04-24 18:00:22	1
INVOICE	NULL	NULL	2018-04-24 17:59:01	2018-04-24 18:00:20	1
CKYC PHOTO	NULL	NULL	2018-04-24 17:56:13	2018-04-24 18:00:19	1
PURCHASED GOODS	NULL	NULL	2018-04-24 17:56:12	2018-04-24 18:00:18	1
PURCHASED GOODS	NULL	NULL	2018-04-24 17:54:30	2018-04-24 18:00:17	1
INVOICE	NULL	NULL	2018-04-24 17:53:06	2018-04-24 18:00:16	1
INVOICE	NULL	NULL	2018-04-24 17:52:12	2018-04-24 18:00:15	1
INVOICE	NULL	NULL	2018-04-24 17:51:14	2018-04-24 18:00:14	1
INVOICE	NULL	NULL	2018-04-24 17:51:15	2018-04-24 18:00:14	1
INVOICE	NULL	NULL	2018-04-24 17:51:13	2018-04-24 18:00:12	1
INVOICE	NULL	NULL	2018-04-24 17:51:13	2018-04-24 18:00:11	1
INVOICE	NULL	NULL	2018-04-24 17:51:08	2018-04-24 18:00:10	1
INVOICE	NULL	NULL	2018-04-24 17:51:08	2018-04-24 18:00:09	1
INVOICE	NULL	NULL	2018-04-24 17:51:05	2018-04-24 18:00:08	1
PURCHASED GOODS	NULL	NULL	2018-04-24 16:53:29	2018-04-24 17:00:31	1
CKYC PHOTO	NULL	NULL	2018-04-24 16:53:11	2018-04-24 17:00:29	1
PURCHASED GOODS	NULL	NULL	2018-04-24 16:53:11	2018-04-24 17:00:28	1
PURCHASED GOODS	NULL	NULL	2018-04-24 16:53:10	2018-04-24 17:00:27	1
PURCHASED GOODS	NULL	NULL	2018-04-24 16:53:10	2018-04-24 17:00:26	1
CKYC PHOTO	NULL	NULL	2018-04-24 16:53:08	2018-04-24 17:00:25	1
PURCHASED GOODS	NULL	NULL	2018-04-24 16:51:07	2018-04-24 17:00:24	1
CKYC PHOTO	NULL	NULL	2018-04-24 16:51:07	2018-04-24 17:00:23	1
CKYC PHOTO	NULL	NULL	2018-04-24 16:51:07	2018-04-24 17:00:22	1
PURCHASED GOODS	NULL	NULL	2018-04-24 16:51:07	2018-04-24 17:00:21	1
PURCHASED GOODS	NULL	NULL	2018-04-24 16:51:06	2018-04-24 17:00:20	1
PURCHASED GOODS	NULL	NULL	2018-04-24 16:51:06	2018-04-24 17:00:19	1
PURCHASED GOODS	NULL	NULL	2018-04-24 16:29:20	2018-04-24 17:00:17	1
PURCHASED GOODS	NULL	NULL	2018-04-24 16:29:20	2018-04-24 17:00:17	1
PURCHASED GOODS	NULL	NULL	2018-04-24 16:29:10	2018-04-24 17:00:16	1
CKYC PHOTO	NULL	NULL	2018-04-24 16:29:10	2018-04-24 17:00:15	1
PURCHASED GOODS	NULL	NULL	2018-04-24 16:29:07	2018-04-24 17:00:14	1
CKYC PHOTO	NULL	NULL	2018-04-24 16:28:09	2018-04-24 17:00:13	1
INVOICE	NULL	NULL	2018-04-24 16:22:52	2018-04-24 17:00:12	1
INVOICE	NULL	NULL	2018-04-24 16:22:51	2018-04-24 17:00:11	1
INVOICE	NULL	NULL	2018-04-24 16:22:48	2018-04-24 17:00:09	1
INVOICE	NULL	NULL	2018-04-24 16:22:48	2018-04-24 17:00:08	1
CKYC PHOTO	NULL	NULL	2018-04-24 14:55:41	2018-04-24 15:00:08	1
CKYC PHOTO	NULL	NULL	2018-04-24 12:59:19	2018-04-24 13:01:25	1
CKYC PHOTO	NULL	NULL	2018-04-24 12:37:50	2018-04-24 13:01:24	1
PURCHASED GOODS	NULL	NULL	2018-04-24 12:37:44	2018-04-24 13:01:23	1
PURCHASED GOODS	NULL	NULL	2018-04-24 12:37:40	2018-04-24 13:01:22	1
PURCHASED GOODS	NULL	NULL	2018-04-24 12:28:34	2018-04-24 13:01:21	1
CKYC PHOTO	NULL	NULL	2018-04-24 12:28:34	2018-04-24 13:01:20	1
PURCHASED GOODS	NULL	NULL	2018-04-24 12:28:24	2018-04-24 13:01:18	1
PURCHASED GOODS	NULL	NULL	2018-04-24 12:28:24	2018-04-24 13:01:17	1
PURCHASED GOODS	NULL	NULL	2018-04-24 12:28:17	2018-04-24 13:01:16	1
PURCHASED GOODS	NULL	NULL	2018-04-24 12:28:17	2018-04-24 13:01:15	1
PURCHASED GOODS	NULL	NULL	2018-04-24 12:28:16	2018-04-24 13:01:13	1
CKYC PHOTO	NULL	NULL	2018-04-24 12:28:15	2018-04-24 13:01:12	1
PURCHASED GOODS	NULL	NULL	2018-04-24 12:28:15	2018-04-24 13:01:11	1
PURCHASED GOODS	NULL	NULL	2018-04-24 12:28:12	2018-04-24 13:01:10	1
CKYC PHOTO	NULL	NULL	2018-04-24 12:28:11	2018-04-24 13:01:08	1
CKYC PHOTO	NULL	NULL	2018-04-24 12:28:11	2018-04-24 13:01:07	1
PURCHASED GOODS	NULL	NULL	2018-04-24 12:22:27	2018-04-24 13:01:05	1
PURCHASED GOODS	NULL	NULL	2018-04-24 12:22:25	2018-04-24 13:01:04	1
PURCHASED GOODS	NULL	NULL	2018-04-24 12:22:25	2018-04-24 13:01:03	1
PURCHASED GOODS	NULL	NULL	2018-04-24 12:22:10	2018-04-24 13:01:01	1
PURCHASED GOODS	NULL	NULL	2018-04-24 12:22:10	2018-04-24 13:01:00	1
PURCHASED GOODS	NULL	NULL	2018-04-24 12:22:08	2018-04-24 13:00:58	1
PURCHASED GOODS	NULL	NULL	2018-04-24 12:22:07	2018-04-24 13:00:57	1
CKYC PHOTO	NULL	NULL	2018-04-24 12:22:07	2018-04-24 13:00:55	1
PURCHASED GOODS	NULL	NULL	2018-04-24 12:20:13	2018-04-24 13:00:54	1
CKYC PHOTO	NULL	NULL	2018-04-24 12:20:13	2018-04-24 13:00:51	1
PURCHASED GOODS	NULL	NULL	2018-04-24 12:20:01	2018-04-24 13:00:50	1
PURCHASED GOODS	NULL	NULL	2018-04-24 12:20:01	2018-04-24 13:00:49	1
PURCHASED GOODS	NULL	NULL	2018-04-24 12:20:01	2018-04-24 13:00:48	1
CKYC PHOTO	NULL	NULL	2018-04-24 12:19:58	2018-04-24 13:00:46	1
PURCHASED GOODS	NULL	NULL	2018-04-24 12:19:10	2018-04-24 13:00:45	1
PURCHASED GOODS	NULL	NULL	2018-04-24 12:19:09	2018-04-24 13:00:43	1
PURCHASED GOODS	NULL	NULL	2018-04-24 12:19:09	2018-04-24 13:00:41	1
PURCHASED GOODS	NULL	NULL	2018-04-24 12:19:08	2018-04-24 13:00:40	1
CKYC PHOTO	NULL	NULL	2018-04-24 12:19:07	2018-04-24 13:00:38	1
PURCHASED GOODS	NULL	NULL	2018-04-24 12:19:05	2018-04-24 13:00:37	1
CKYC PHOTO	NULL	NULL	2018-04-24 12:19:05	2018-04-24 13:00:35	1
CKYC PHOTO	NULL	NULL	2018-04-24 12:17:10	2018-04-24 13:00:34	1
CKYC PHOTO	NULL	NULL	2018-04-24 12:17:10	2018-04-24 13:00:33	1
PURCHASED GOODS	NULL	NULL	2018-04-24 12:17:09	2018-04-24 13:00:32	1
PURCHASED GOODS	NULL	NULL	2018-04-24 12:17:09	2018-04-24 13:00:30	1
PURCHASED GOODS	NULL	NULL	2018-04-24 12:17:08	2018-04-24 13:00:29	1
CKYC PHOTO	NULL	NULL	2018-04-24 12:16:47	2018-04-24 13:00:28	1
PURCHASED GOODS	NULL	NULL	2018-04-24 12:15:17	2018-04-24 13:00:27	1
PURCHASED GOODS	NULL	NULL	2018-04-24 12:15:16	2018-04-24 13:00:25	1
CKYC PHOTO	NULL	NULL	2018-04-24 12:15:09	2018-04-24 13:00:24	1
PURCHASED GOODS	NULL	NULL	2018-04-24 12:15:09	2018-04-24 13:00:23	1
CKYC PHOTO	NULL	NULL	2018-04-24 12:15:09	2018-04-24 13:00:22	1
PURCHASED GOODS	NULL	NULL	2018-04-24 12:15:07	2018-04-24 13:00:21	1
PURCHASED GOODS	NULL	NULL	2018-04-24 12:15:07	2018-04-24 13:00:20	1
PURCHASED GOODS	NULL	NULL	2018-04-24 12:12:12	2018-04-24 13:00:19	1
PURCHASED GOODS	NULL	NULL	2018-04-24 12:12:12	2018-04-24 13:00:18	1
PURCHASED GOODS	NULL	NULL	2018-04-24 12:12:04	2018-04-24 13:00:17	1
PURCHASED GOODS	NULL	NULL	2018-04-24 12:12:04	2018-04-24 13:00:16	1
CKYC PHOTO	NULL	NULL	2018-04-24 12:12:04	2018-04-24 13:00:15	1
PURCHASED GOODS	NULL	NULL	2018-04-24 12:12:03	2018-04-24 13:00:14	1
CKYC PHOTO	NULL	NULL	2018-04-24 12:12:02	2018-04-24 13:00:13	1
PURCHASED GOODS	NULL	NULL	2018-04-24 12:11:08	2018-04-24 13:00:12	1
PURCHASED GOODS	NULL	NULL	2018-04-24 12:11:08	2018-04-24 13:00:11	1
PURCHASED GOODS	NULL	NULL	2018-04-24 12:11:07	2018-04-24 13:00:10	1
CKYC PHOTO	NULL	NULL	2018-04-24 12:11:07	2018-04-24 13:00:08	1
CKYC PHOTO	NULL	NULL	2018-04-24 10:59:47	2018-04-24 11:00:18	1
PURCHASED GOODS	NULL	NULL	2018-04-24 10:59:43	2018-04-24 11:00:17	1
PURCHASED GOODS	NULL	NULL	2018-04-24 10:59:40	2018-04-24 11:00:16	1
PURCHASED GOODS	NULL	NULL	2018-04-24 10:59:36	2018-04-24 11:00:15	1
CKYC PHOTO	NULL	NULL	2018-04-24 10:17:19	2018-04-24 11:00:14	1
PURCHASED GOODS	NULL	NULL	2018-04-24 10:17:15	2018-04-24 11:00:13	1
PURCHASED GOODS	NULL	NULL	2018-04-24 10:17:12	2018-04-24 11:00:12	1
CKYC PHOTO	NULL	NULL	2018-04-24 10:13:45	2018-04-24 11:00:11	1
PURCHASED GOODS	NULL	NULL	2018-04-24 10:17:09	2018-04-24 11:00:11	1
PURCHASED GOODS	NULL	NULL	2018-04-24 10:13:42	2018-04-24 11:00:10	1
PURCHASED GOODS	NULL	NULL	2018-04-24 10:13:38	2018-04-24 11:00:09	1
PURCHASED GOODS	NULL	NULL	2018-04-24 10:13:35	2018-04-24 11:00:08	1
CKYC PHOTO	NULL	NULL	2018-04-23 22:34:06	2018-04-24 09:16:01	1
PURCHASED GOODS	NULL	NULL	2018-04-23 22:32:47	2018-04-24 09:16:00	1
CKYC PHOTO	NULL	NULL	2018-04-23 22:32:47	2018-04-24 09:15:59	1
PURCHASED GOODS	NULL	NULL	2018-04-23 22:32:47	2018-04-24 09:15:58	1
PURCHASED GOODS	NULL	NULL	2018-04-23 22:32:46	2018-04-24 09:15:57	1
PURCHASED GOODS	NULL	NULL	2018-04-23 22:32:47	2018-04-24 09:15:57	1
PURCHASED GOODS	NULL	NULL	2018-04-23 22:32:46	2018-04-24 09:15:56	1
INVOICE	NULL	NULL	2018-04-23 22:21:38	2018-04-24 09:15:55	1
INVOICE	NULL	NULL	2018-04-23 22:21:36	2018-04-24 09:15:54	1
INVOICE	NULL	NULL	2018-04-23 22:20:09	2018-04-24 09:15:53	1
INVOICE	NULL	NULL	2018-04-23 22:20:08	2018-04-24 09:15:52	1
INVOICE	NULL	NULL	2018-04-23 22:20:00	2018-04-24 09:15:51	1
CKYC PHOTO	NULL	NULL	2018-04-23 19:42:43	2018-04-23 19:43:44	1
PURCHASED GOODS	NULL	NULL	2018-04-23 19:42:39	2018-04-23 19:43:43	1
PURCHASED GOODS	NULL	NULL	2018-04-23 19:42:36	2018-04-23 19:43:42	1
PURCHASED GOODS	NULL	NULL	2018-04-23 19:42:32	2018-04-23 19:43:41	1
INVOICE	NULL	NULL	2018-04-23 19:13:08	2018-04-23 19:13:50	1
