documentType	uploadStatus	last_uploaded_at	number_of_attempts	response_error
CKYC PHOTO	0	2019-01-14 15:00:19	1	{"ProcessedId":"1449832","uploadDocumentResponse":{"uploadDocumentWithAccessCheckResponse":{"@xmlns:xmlns":"http:\\/\\/UCPCF\\/DmsDoctypeAccessAPI.tws","uploadPermission":"Y","isSuccess":"false","exception":null,"uploadDocumentsResponse":{"status":{"@xmlns:xmlns":"","$":"Failed"},"responseMessage":{"@xmlns:xmlns":"","$":"Exception Occured :- Property name :isOSVEnabled doesn't exists on Document Class: CF_LOANDOCUMENT."}},"filenetResponse":"false"}}}
PURCHASED GOODS	0	2019-01-14 15:00:29	1	{"ProcessedId":"1449849","uploadDocumentResponse":{"uploadDocumentWithAccessCheckResponse":{"@xmlns:xmlns":"http:\\/\\/UCPCF\\/DmsDoctypeAccessAPI.tws","uploadPermission":"Y","isSuccess":"false","exception":null,"uploadDocumentsResponse":{"status":{"@xmlns:xmlns":"","$":"Failed"},"responseMessage":{"@xmlns:xmlns":"","$":"Exception Occured :- Property name :isOSVEnabled doesn't exists on Document Class: CF_LOANDOCUMENT."}},"filenetResponse":"false"}}}
PURCHASED GOODS	0	2019-01-14 15:00:30	1	{"ProcessedId":"1449852","uploadDocumentResponse":{"uploadDocumentWithAccessCheckResponse":{"@xmlns:xmlns":"http:\\/\\/UCPCF\\/DmsDoctypeAccessAPI.tws","uploadPermission":"Y","isSuccess":"false","exception":null,"uploadDocumentsResponse":{"status":{"@xmlns:xmlns":"","$":"Failed"},"responseMessage":{"@xmlns:xmlns":"","$":"Exception Occured :- Property name :isOSVEnabled doesn't exists on Document Class: CF_LOANDOCUMENT."}},"filenetResponse":"false"}}}
PURCHASED GOODS	0	2019-01-14 15:00:32	1	{"ProcessedId":"1449855","uploadDocumentResponse":{"uploadDocumentWithAccessCheckResponse":{"@xmlns:xmlns":"http:\\/\\/UCPCF\\/DmsDoctypeAccessAPI.tws","uploadPermission":"Y","isSuccess":"false","exception":null,"uploadDocumentsResponse":{"status":{"@xmlns:xmlns":"","$":"Failed"},"responseMessage":{"@xmlns:xmlns":"","$":"Exception Occured :- Property name :isOSVEnabled doesn't exists on Document Class: CF_LOANDOCUMENT."}},"filenetResponse":"false"}}}
CKYC PHOTO	0	2019-01-14 15:00:33	1	{"ProcessedId":"1449858","uploadDocumentResponse":{"uploadDocumentWithAccessCheckResponse":{"@xmlns:xmlns":"http:\\/\\/UCPCF\\/DmsDoctypeAccessAPI.tws","uploadPermission":"Y","isSuccess":"false","exception":null,"uploadDocumentsResponse":{"status":{"@xmlns:xmlns":"","$":"Failed"},"responseMessage":{"@xmlns:xmlns":"","$":"Exception Occured :- Property name :isOSVEnabled doesn't exists on Document Class: CF_LOANDOCUMENT."}},"filenetResponse":"false"}}}
PURCHASED GOODS	0	2019-01-14 15:00:34	1	{"ProcessedId":"1449861","uploadDocumentResponse":{"uploadDocumentWithAccessCheckResponse":{"@xmlns:xmlns":"http:\\/\\/UCPCF\\/DmsDoctypeAccessAPI.tws","uploadPermission":"Y","isSuccess":"false","exception":null,"uploadDocumentsResponse":{"status":{"@xmlns:xmlns":"","$":"Failed"},"responseMessage":{"@xmlns:xmlns":"","$":"Exception Occured :- Property name :isOSVEnabled doesn't exists on Document Class: CF_LOANDOCUMENT."}},"filenetResponse":"false"}}}
PURCHASED GOODS	0	2019-01-14 15:00:36	1	{"ProcessedId":"1449864","uploadDocumentResponse":{"uploadDocumentWithAccessCheckResponse":{"@xmlns:xmlns":"http:\\/\\/UCPCF\\/DmsDoctypeAccessAPI.tws","uploadPermission":"Y","isSuccess":"false","exception":null,"uploadDocumentsResponse":{"status":{"@xmlns:xmlns":"","$":"Failed"},"responseMessage":{"@xmlns:xmlns":"","$":"Exception Occured :- Property name :isOSVEnabled doesn't exists on Document Class: CF_LOANDOCUMENT."}},"filenetResponse":"false"}}}
PURCHASED GOODS	0	2019-01-14 15:00:37	1	{"ProcessedId":"1449867","uploadDocumentResponse":{"uploadDocumentWithAccessCheckResponse":{"@xmlns:xmlns":"http:\\/\\/UCPCF\\/DmsDoctypeAccessAPI.tws","uploadPermission":"Y","isSuccess":"false","exception":null,"uploadDocumentsResponse":{"status":{"@xmlns:xmlns":"","$":"Failed"},"responseMessage":{"@xmlns:xmlns":"","$":"Exception Occured :- Property name :isOSVEnabled doesn't exists on Document Class: CF_LOANDOCUMENT."}},"filenetResponse":"false"}}}
PURCHASED GOODS	0	2019-01-14 15:00:39	1	{"ProcessedId":"1449869","uploadDocumentResponse":{"uploadDocumentWithAccessCheckResponse":{"@xmlns:xmlns":"http:\\/\\/UCPCF\\/DmsDoctypeAccessAPI.tws","uploadPermission":"Y","isSuccess":"false","exception":null,"uploadDocumentsResponse":{"status":{"@xmlns:xmlns":"","$":"Failed"},"responseMessage":{"@xmlns:xmlns":"","$":"Exception Occured :- Property name :isOSVEnabled doesn't exists on Document Class: CF_LOANDOCUMENT."}},"filenetResponse":"false"}}}
PURCHASED GOODS	0	2019-01-14 15:00:40	1	{"ProcessedId":"1449872","uploadDocumentResponse":{"uploadDocumentWithAccessCheckResponse":{"@xmlns:xmlns":"http:\\/\\/UCPCF\\/DmsDoctypeAccessAPI.tws","uploadPermission":"Y","isSuccess":"false","exception":null,"uploadDocumentsResponse":{"status":{"@xmlns:xmlns":"","$":"Failed"},"responseMessage":{"@xmlns:xmlns":"","$":"Exception Occured :- Property name :isOSVEnabled doesn't exists on Document Class: CF_LOANDOCUMENT."}},"filenetResponse":"false"}}}
CKYC PHOTO	0	2019-01-14 15:06:20	0	NULL
INVOICE	0	2019-01-14 15:00:41	1	{"ProcessedId":"1449875","uploadDocumentResponse":{"uploadDocumentWithAccessCheckResponse":{"@xmlns:xmlns":"http:\\/\\/UCPCF\\/DmsDoctypeAccessAPI.tws","uploadPermission":"Y","isSuccess":"false","exception":null,"uploadDocumentsResponse":{"status":{"@xmlns:xmlns":"","$":"Failed"},"responseMessage":{"@xmlns:xmlns":"","$":"Exception Occured :- Property name :isOSVEnabled doesn't exists on Document Class: CF_LOANDOCUMENT."}},"filenetResponse":"false"}}}
INVOICE	0	2019-01-14 15:00:44	1	{"ProcessedId":"1449879","uploadDocumentResponse":{"uploadDocumentWithAccessCheckResponse":{"@xmlns:xmlns":"http:\\/\\/UCPCF\\/DmsDoctypeAccessAPI.tws","uploadPermission":"Y","isSuccess":"false","exception":null,"uploadDocumentsResponse":{"status":{"@xmlns:xmlns":"","$":"Failed"},"responseMessage":{"@xmlns:xmlns":"","$":"Exception Occured :- Property name :isOSVEnabled doesn't exists on Document Class: CF_LOANDOCUMENT."}},"filenetResponse":"false"}}}
INVOICE	0	2019-01-14 15:00:48	1	{"ProcessedId":"1449887","uploadDocumentResponse":{"uploadDocumentWithAccessCheckResponse":{"@xmlns:xmlns":"http:\\/\\/UCPCF\\/DmsDoctypeAccessAPI.tws","uploadPermission":"Y","isSuccess":"false","exception":null,"uploadDocumentsResponse":{"status":{"@xmlns:xmlns":"","$":"Failed"},"responseMessage":{"@xmlns:xmlns":"","$":"Exception Occured :- Property name :isOSVEnabled doesn't exists on Document Class: CF_LOANDOCUMENT."}},"filenetResponse":"false"}}}
Proof of Address	0	2019-01-14 15:00:49	1	{"ProcessedId":"1449890","uploadDocumentResponse":{"uploadDocumentWithAccessCheckResponse":{"@xmlns:xmlns":"http:\\/\\/UCPCF\\/DmsDoctypeAccessAPI.tws","uploadPermission":"N","isSuccess":"true","exception":null,"filenetResponse":"false"}}}
INVOICE	0	2019-01-14 15:00:51	1	{"ProcessedId":"1449893","uploadDocumentResponse":{"uploadDocumentWithAccessCheckResponse":{"@xmlns:xmlns":"http:\\/\\/UCPCF\\/DmsDoctypeAccessAPI.tws","uploadPermission":"Y","isSuccess":"false","exception":null,"uploadDocumentsResponse":{"status":{"@xmlns:xmlns":"","$":"Failed"},"responseMessage":{"@xmlns:xmlns":"","$":"Exception Occured :- Property name :isOSVEnabled doesn't exists on Document Class: CF_LOANDOCUMENT."}},"filenetResponse":"false"}}}
INVOICE	0	2019-01-14 15:00:56	1	{"ProcessedId":"1449906","uploadDocumentResponse":{"uploadDocumentWithAccessCheckResponse":{"@xmlns:xmlns":"http:\\/\\/UCPCF\\/DmsDoctypeAccessAPI.tws","uploadPermission":"Y","isSuccess":"false","exception":null,"uploadDocumentsResponse":{"status":{"@xmlns:xmlns":"","$":"Failed"},"responseMessage":{"@xmlns:xmlns":"","$":"Exception Occured :- Property name :isOSVEnabled doesn't exists on Document Class: CF_LOANDOCUMENT."}},"filenetResponse":"false"}}}
CKYC PHOTO	0	2019-01-14 15:00:58	1	{"ProcessedId":"1449910","uploadDocumentResponse":{"uploadDocumentWithAccessCheckResponse":{"@xmlns:xmlns":"http:\\/\\/UCPCF\\/DmsDoctypeAccessAPI.tws","uploadPermission":"Y","isSuccess":"false","exception":null,"uploadDocumentsResponse":{"status":{"@xmlns:xmlns":"","$":"Failed"},"responseMessage":{"@xmlns:xmlns":"","$":"Exception Occured :- Property name :isOSVEnabled doesn't exists on Document Class: CF_LOANDOCUMENT."}},"filenetResponse":"false"}}}
INVOICE	0	2019-01-14 15:01:00	1	{"ProcessedId":"1449914","uploadDocumentResponse":{"uploadDocumentWithAccessCheckResponse":{"@xmlns:xmlns":"http:\\/\\/UCPCF\\/DmsDoctypeAccessAPI.tws","uploadPermission":"Y","isSuccess":"false","exception":null,"uploadDocumentsResponse":{"status":{"@xmlns:xmlns":"","$":"Failed"},"responseMessage":{"@xmlns:xmlns":"","$":"Exception Occured :- Property name :isOSVEnabled doesn't exists on Document Class: CF_LOANDOCUMENT."}},"filenetResponse":"false"}}}
INVOICE	0	2019-01-14 15:01:12	1	{"ProcessedId":"1449936","uploadDocumentResponse":{"uploadDocumentWithAccessCheckResponse":{"@xmlns:xmlns":"http:\\/\\/UCPCF\\/DmsDoctypeAccessAPI.tws","uploadPermission":"Y","isSuccess":"false","exception":null,"uploadDocumentsResponse":{"status":{"@xmlns:xmlns":"","$":"Failed"},"responseMessage":{"@xmlns:xmlns":"","$":"Exception Occured :- Property name :isOSVEnabled doesn't exists on Document Class: CF_LOANDOCUMENT."}},"filenetResponse":"false"}}}
INVOICE	0	2019-01-14 15:01:18	1	{"ProcessedId":"1449946","uploadDocumentResponse":{"uploadDocumentWithAccessCheckResponse":{"@xmlns:xmlns":"http:\\/\\/UCPCF\\/DmsDoctypeAccessAPI.tws","uploadPermission":"Y","isSuccess":"false","exception":null,"uploadDocumentsResponse":{"status":{"@xmlns:xmlns":"","$":"Failed"},"responseMessage":{"@xmlns:xmlns":"","$":"Exception Occured :- Property name :isOSVEnabled doesn't exists on Document Class: CF_LOANDOCUMENT."}},"filenetResponse":"false"}}}
CKYC PHOTO	0	2019-01-14 15:01:19	1	{"ProcessedId":"1449948","uploadDocumentResponse":{"uploadDocumentWithAccessCheckResponse":{"@xmlns:xmlns":"http:\\/\\/UCPCF\\/DmsDoctypeAccessAPI.tws","uploadPermission":"Y","isSuccess":"false","exception":null,"uploadDocumentsResponse":{"status":{"@xmlns:xmlns":"","$":"Failed"},"responseMessage":{"@xmlns:xmlns":"","$":"Exception Occured :- Property name :isOSVEnabled doesn't exists on Document Class: CF_LOANDOCUMENT."}},"filenetResponse":"false"}}}
INVOICE	0	2019-01-14 15:01:27	1	{"ProcessedId":"1449954","uploadDocumentResponse":{"uploadDocumentWithAccessCheckResponse":{"@xmlns:xmlns":"http:\\/\\/UCPCF\\/DmsDoctypeAccessAPI.tws","uploadPermission":"Y","isSuccess":"false","exception":null,"uploadDocumentsResponse":{"status":{"@xmlns:xmlns":"","$":"Failed"},"responseMessage":{"@xmlns:xmlns":"","$":"Exception Occured :- Property name :isOSVEnabled doesn't exists on Document Class: CF_LOANDOCUMENT."}},"filenetResponse":"false"}}}
INVOICE	0	2019-01-14 15:01:33	1	{"ProcessedId":"1449963","uploadDocumentResponse":{"uploadDocumentWithAccessCheckResponse":{"@xmlns:xmlns":"http:\\/\\/UCPCF\\/DmsDoctypeAccessAPI.tws","uploadPermission":"Y","isSuccess":"false","exception":null,"uploadDocumentsResponse":{"status":{"@xmlns:xmlns":"","$":"Failed"},"responseMessage":{"@xmlns:xmlns":"","$":"Exception Occured :- Property name :isOSVEnabled doesn't exists on Document Class: CF_LOANDOCUMENT."}},"filenetResponse":"false"}}}
INVOICE	0	2019-01-14 15:02:00	3	{"ProcessedId":"1450008","uploadDocumentResponse":{"uploadDocumentWithAccessCheckResponse":{"@xmlns:xmlns":"http:\\/\\/UCPCF\\/DmsDoctypeAccessAPI.tws","uploadPermission":"Y","isSuccess":"false","exception":null,"uploadDocumentsResponse":{"status":{"@xmlns:xmlns":"","$":"Failed"},"responseMessage":{"@xmlns:xmlns":"","$":"Exception Occured :- Property name :isOSVEnabled doesn't exists on Document Class: CF_LOANDOCUMENT."}},"filenetResponse":"false"}}}
INVOICE	0	2019-01-14 15:02:02	3	{"ProcessedId":"1450013","uploadDocumentResponse":{"uploadDocumentWithAccessCheckResponse":{"@xmlns:xmlns":"http:\\/\\/UCPCF\\/DmsDoctypeAccessAPI.tws","uploadPermission":"Y","isSuccess":"false","exception":null,"uploadDocumentsResponse":{"status":{"@xmlns:xmlns":"","$":"Failed"},"responseMessage":{"@xmlns:xmlns":"","$":"Exception Occured :- Property name :isOSVEnabled doesn't exists on Document Class: CF_LOANDOCUMENT."}},"filenetResponse":"false"}}}
INVOICE	0	2019-01-14 15:02:04	3	{"ProcessedId":"1450018","uploadDocumentResponse":{"uploadDocumentWithAccessCheckResponse":{"@xmlns:xmlns":"http:\\/\\/UCPCF\\/DmsDoctypeAccessAPI.tws","uploadPermission":"Y","isSuccess":"false","exception":null,"uploadDocumentsResponse":{"status":{"@xmlns:xmlns":"","$":"Failed"},"responseMessage":{"@xmlns:xmlns":"","$":"Exception Occured :- Property name :isOSVEnabled doesn't exists on Document Class: CF_LOANDOCUMENT."}},"filenetResponse":"false"}}}
PURCHASED GOODS	0	2019-01-14 15:02:06	3	{"ProcessedId":"1450022","uploadDocumentResponse":{"uploadDocumentWithAccessCheckResponse":{"@xmlns:xmlns":"http:\\/\\/UCPCF\\/DmsDoctypeAccessAPI.tws","uploadPermission":"Y","isSuccess":"false","exception":null,"uploadDocumentsResponse":{"status":{"@xmlns:xmlns":"","$":"Failed"},"responseMessage":{"@xmlns:xmlns":"","$":"Exception Occured :- Property name :isOSVEnabled doesn't exists on Document Class: CF_LOANDOCUMENT."}},"filenetResponse":"false"}}}
PURCHASED GOODS	0	2019-01-14 15:02:08	3	{"ProcessedId":"1450026","uploadDocumentResponse":{"uploadDocumentWithAccessCheckResponse":{"@xmlns:xmlns":"http:\\/\\/UCPCF\\/DmsDoctypeAccessAPI.tws","uploadPermission":"Y","isSuccess":"false","exception":null,"uploadDocumentsResponse":{"status":{"@xmlns:xmlns":"","$":"Failed"},"responseMessage":{"@xmlns:xmlns":"","$":"Exception Occured :- Property name :isOSVEnabled doesn't exists on Document Class: CF_LOANDOCUMENT."}},"filenetResponse":"false"}}}
INVOICE	0	2019-01-14 15:02:10	3	{"ProcessedId":"1450029","uploadDocumentResponse":{"uploadDocumentWithAccessCheckResponse":{"@xmlns:xmlns":"http:\\/\\/UCPCF\\/DmsDoctypeAccessAPI.tws","uploadPermission":"Y","isSuccess":"false","exception":null,"uploadDocumentsResponse":{"status":{"@xmlns:xmlns":"","$":"Failed"},"responseMessage":{"@xmlns:xmlns":"","$":"Exception Occured :- Property name :isOSVEnabled doesn't exists on Document Class: CF_LOANDOCUMENT."}},"filenetResponse":"false"}}}
PURCHASED GOODS	0	2019-01-14 15:02:56	3	{"ProcessedId":"1450100","uploadDocumentResponse":{"uploadDocumentWithAccessCheckResponse":{"@xmlns:xmlns":"http:\\/\\/UCPCF\\/DmsDoctypeAccessAPI.tws","uploadPermission":"Y","isSuccess":"false","exception":null,"uploadDocumentsResponse":{"status":{"@xmlns:xmlns":"","$":"Failed"},"responseMessage":{"@xmlns:xmlns":"","$":"Exception Occured :- Property name :isOSVEnabled doesn't exists on Document Class: CF_LOANDOCUMENT."}},"filenetResponse":"false"}}}
INVOICE	0	2019-01-14 15:03:43	3	{"ProcessedId":"1450172","uploadDocumentResponse":{"uploadDocumentWithAccessCheckResponse":{"@xmlns:xmlns":"http:\\/\\/UCPCF\\/DmsDoctypeAccessAPI.tws","uploadPermission":"Y","isSuccess":"false","exception":null,"uploadDocumentsResponse":{"status":{"@xmlns:xmlns":"","$":"Failed"},"responseMessage":{"@xmlns:xmlns":"","$":"Exception Occured :- Property name :isOSVEnabled doesn't exists on Document Class: CF_LOANDOCUMENT."}},"filenetResponse":"false"}}}
PURCHASED GOODS	0	2019-01-14 14:24:32	0	NULL
PURCHASED GOODS	0	2019-01-14 14:37:25	1	{"ProcessedId":"1448751","uploadDocumentResponse":{"uploadDocumentWithAccessCheckResponse":{"@xmlns:xmlns":"http:\\/\\/UCPCF\\/DmsDoctypeAccessAPI.tws","uploadPermission":"Y","isSuccess":"false","exception":null,"uploadDocumentsResponse":{"status":{"@xmlns:xmlns":"","$":"Failed"},"responseMessage":{"@xmlns:xmlns":"","$":"Exception Occured :- Property name :isOSVEnabled doesn't exists on Document Class: CF_LOANDOCUMENT."}},"filenetResponse":"false"}}}
Proof of Identity	0	2019-01-14 14:10:22	0	NULL
Application Form Docs	0	2019-01-14 14:10:21	0	NULL
Application Form Docs	0	2019-01-14 14:10:12	0	NULL
CKYC PHOTO	0	2019-01-14 14:09:58	0	NULL
PURCHASED GOODS	0	2019-01-14 14:01:01	0	NULL
PURCHASED GOODS	0	2019-01-14 14:00:51	0	NULL
PURCHASED GOODS	0	2019-01-14 14:00:55	0	NULL
PURCHASED GOODS	0	2019-01-14 13:58:19	0	NULL
PURCHASED GOODS	0	2019-01-14 13:57:59	0	NULL
PURCHASED GOODS	0	2019-01-14 13:58:15	0	NULL
PURCHASED GOODS	0	2019-01-14 13:56:00	0	NULL
PURCHASED GOODS	0	2019-01-14 13:55:49	0	NULL
PURCHASED GOODS	0	2019-01-14 13:55:53	0	NULL
PURCHASED GOODS	0	2019-01-14 13:53:18	0	NULL
PURCHASED GOODS	0	2019-01-14 13:53:09	0	NULL
PURCHASED GOODS	0	2019-01-14 13:52:57	0	NULL
PURCHASED GOODS	0	2019-01-14 13:51:05	0	NULL
PURCHASED GOODS	0	2019-01-14 13:51:11	0	NULL
PURCHASED GOODS	0	2019-01-14 13:50:52	0	NULL
CKYC PHOTO	0	2019-01-14 13:49:59	0	NULL
CKYC PHOTO	0	2019-01-14 13:49:58	0	NULL
CKYC PHOTO	0	2019-01-14 13:47:03	0	NULL
CKYC PHOTO	0	2019-01-14 13:47:09	0	NULL
PURCHASED GOODS	0	2019-01-14 13:44:16	0	NULL
PURCHASED GOODS	0	2019-01-14 13:44:20	0	NULL
PURCHASED GOODS	0	2019-01-14 13:43:47	0	NULL
PURCHASED GOODS	0	2019-01-14 13:44:12	0	NULL
PURCHASED GOODS	0	2019-01-14 13:43:37	0	NULL
PURCHASED GOODS	0	2019-01-14 13:43:41	0	NULL
INVOICE	0	2019-01-14 13:42:49	0	NULL
PURCHASED GOODS	0	2019-01-14 13:41:57	0	NULL
INVOICE	0	2019-01-14 13:42:37	0	NULL
PURCHASED GOODS	0	2019-01-14 13:41:48	0	NULL
PURCHASED GOODS	0	2019-01-14 13:41:53	0	NULL
PURCHASED GOODS	0	2019-01-14 13:38:44	0	NULL
PURCHASED GOODS	0	2019-01-14 13:38:54	0	NULL
PURCHASED GOODS	0	2019-01-14 13:39:07	0	NULL
INVOICE	0	2019-01-14 13:41:01	0	NULL
PURCHASED GOODS	0	2019-01-14 13:37:22	0	NULL
CKYC PHOTO	0	2019-01-14 13:38:30	0	NULL
PURCHASED GOODS	0	2019-01-14 13:37:17	0	NULL
Pan Card	0	2019-01-14 13:21:50	0	NULL
Aadhar	0	2019-01-14 13:21:45	0	NULL
CKYC PHOTO	0	2019-01-14 13:19:43	0	NULL
PURCHASED GOODS	0	2019-01-14 13:08:40	0	NULL
PURCHASED GOODS	0	2019-01-14 13:08:44	0	NULL
PURCHASED GOODS	0	2019-01-14 13:08:48	0	NULL
CKYC PHOTO	0	2019-01-14 13:07:53	0	NULL
PURCHASED GOODS	0	2019-01-14 13:06:27	0	NULL
PURCHASED GOODS	0	2019-01-14 13:06:31	0	NULL
PURCHASED GOODS	0	2019-01-14 13:06:23	0	NULL
INVOICE	0	2019-01-14 14:26:29	1	{"ProcessedId":"1447967","uploadDocumentResponse":{"uploadDocumentWithAccessCheckResponse":{"@xmlns:xmlns":"http:\\/\\/UCPCF\\/DmsDoctypeAccessAPI.tws","uploadPermission":"Y","isSuccess":"false","exception":null,"uploadDocumentsResponse":{"status":{"@xmlns:xmlns":"","$":"Failed"},"responseMessage":{"@xmlns:xmlns":"","$":"Exception Occured :- Property name :isOSVEnabled doesn't exists on Document Class: CF_LOANDOCUMENT."}},"filenetResponse":"false"}}}
INVOICE	0	2019-01-14 14:26:31	1	{"ProcessedId":"1447970","uploadDocumentResponse":{"uploadDocumentWithAccessCheckResponse":{"@xmlns:xmlns":"http:\\/\\/UCPCF\\/DmsDoctypeAccessAPI.tws","uploadPermission":"Y","isSuccess":"false","exception":null,"uploadDocumentsResponse":{"status":{"@xmlns:xmlns":"","$":"Failed"},"responseMessage":{"@xmlns:xmlns":"","$":"Exception Occured :- Property name :isOSVEnabled doesn't exists on Document Class: CF_LOANDOCUMENT."}},"filenetResponse":"false"}}}
PURCHASED GOODS	0	2019-01-14 14:26:32	1	{"ProcessedId":"1447972","uploadDocumentResponse":{"uploadDocumentWithAccessCheckResponse":{"@xmlns:xmlns":"http:\\/\\/UCPCF\\/DmsDoctypeAccessAPI.tws","uploadPermission":"Y","isSuccess":"false","exception":null,"uploadDocumentsResponse":{"status":{"@xmlns:xmlns":"","$":"Failed"},"responseMessage":{"@xmlns:xmlns":"","$":"Exception Occured :- Property name :isOSVEnabled doesn't exists on Document Class: CF_LOANDOCUMENT."}},"filenetResponse":"false"}}}
PURCHASED GOODS	0	2019-01-14 14:26:33	1	{"ProcessedId":"1447973","uploadDocumentResponse":{"uploadDocumentWithAccessCheckResponse":{"@xmlns:xmlns":"http:\\/\\/UCPCF\\/DmsDoctypeAccessAPI.tws","uploadPermission":"Y","isSuccess":"false","exception":null,"uploadDocumentsResponse":{"status":{"@xmlns:xmlns":"","$":"Failed"},"responseMessage":{"@xmlns:xmlns":"","$":"Exception Occured :- Property name :isOSVEnabled doesn't exists on Document Class: CF_LOANDOCUMENT."}},"filenetResponse":"false"}}}
INVOICE	0	2019-01-14 14:26:35	1	{"ProcessedId":"1447975","uploadDocumentResponse":{"uploadDocumentWithAccessCheckResponse":{"@xmlns:xmlns":"http:\\/\\/UCPCF\\/DmsDoctypeAccessAPI.tws","uploadPermission":"Y","isSuccess":"false","exception":null,"uploadDocumentsResponse":{"status":{"@xmlns:xmlns":"","$":"Failed"},"responseMessage":{"@xmlns:xmlns":"","$":"Exception Occured :- Property name :isOSVEnabled doesn't exists on Document Class: CF_LOANDOCUMENT."}},"filenetResponse":"false"}}}
PURCHASED GOODS	0	2019-01-14 14:26:37	1	{"ProcessedId":"1447977","uploadDocumentResponse":{"uploadDocumentWithAccessCheckResponse":{"@xmlns:xmlns":"http:\\/\\/UCPCF\\/DmsDoctypeAccessAPI.tws","uploadPermission":"Y","isSuccess":"false","exception":null,"uploadDocumentsResponse":{"status":{"@xmlns:xmlns":"","$":"Failed"},"responseMessage":{"@xmlns:xmlns":"","$":"Exception Occured :- Property name :isOSVEnabled doesn't exists on Document Class: CF_LOANDOCUMENT."}},"filenetResponse":"false"}}}
INVOICE	0	2019-01-14 14:26:39	1	{"ProcessedId":"1447978","uploadDocumentResponse":{"uploadDocumentWithAccessCheckResponse":{"@xmlns:xmlns":"http:\\/\\/UCPCF\\/DmsDoctypeAccessAPI.tws","uploadPermission":"Y","isSuccess":"false","exception":null,"uploadDocumentsResponse":{"status":{"@xmlns:xmlns":"","$":"Failed"},"responseMessage":{"@xmlns:xmlns":"","$":"Exception Occured :- Property name :isOSVEnabled doesn't exists on Document Class: CF_LOANDOCUMENT."}},"filenetResponse":"false"}}}
INVOICE	0	2019-01-14 14:26:41	1	{"ProcessedId":"1447981","uploadDocumentResponse":{"uploadDocumentWithAccessCheckResponse":{"@xmlns:xmlns":"http:\\/\\/UCPCF\\/DmsDoctypeAccessAPI.tws","uploadPermission":"Y","isSuccess":"false","exception":null,"uploadDocumentsResponse":{"status":{"@xmlns:xmlns":"","$":"Failed"},"responseMessage":{"@xmlns:xmlns":"","$":"Exception Occured :- Property name :isOSVEnabled doesn't exists on Document Class: CF_LOANDOCUMENT."}},"filenetResponse":"false"}}}
PURCHASED GOODS	0	2019-01-14 14:26:41	1	{"ProcessedId":"1447983","uploadDocumentResponse":{"uploadDocumentWithAccessCheckResponse":{"@xmlns:xmlns":"http:\\/\\/UCPCF\\/DmsDoctypeAccessAPI.tws","uploadPermission":"Y","isSuccess":"false","exception":null,"uploadDocumentsResponse":{"status":{"@xmlns:xmlns":"","$":"Failed"},"responseMessage":{"@xmlns:xmlns":"","$":"Exception Occured :- Property name :isOSVEnabled doesn't exists on Document Class: CF_LOANDOCUMENT."}},"filenetResponse":"false"}}}
PURCHASED GOODS	0	2019-01-14 14:26:43	1	{"ProcessedId":"1447985","uploadDocumentResponse":{"uploadDocumentWithAccessCheckResponse":{"@xmlns:xmlns":"http:\\/\\/UCPCF\\/DmsDoctypeAccessAPI.tws","uploadPermission":"Y","isSuccess":"false","exception":null,"uploadDocumentsResponse":{"status":{"@xmlns:xmlns":"","$":"Failed"},"responseMessage":{"@xmlns:xmlns":"","$":"Exception Occured :- Property name :isOSVEnabled doesn't exists on Document Class: CF_LOANDOCUMENT."}},"filenetResponse":"false"}}}
PURCHASED GOODS	0	2019-01-14 14:26:44	1	{"ProcessedId":"1447987","uploadDocumentResponse":{"uploadDocumentWithAccessCheckResponse":{"@xmlns:xmlns":"http:\\/\\/UCPCF\\/DmsDoctypeAccessAPI.tws","uploadPermission":"Y","isSuccess":"false","exception":null,"uploadDocumentsResponse":{"status":{"@xmlns:xmlns":"","$":"Failed"},"responseMessage":{"@xmlns:xmlns":"","$":"Exception Occured :- Property name :isOSVEnabled doesn't exists on Document Class: CF_LOANDOCUMENT."}},"filenetResponse":"false"}}}
INVOICE	0	2019-01-14 14:26:46	1	{"ProcessedId":"1447990","uploadDocumentResponse":{"uploadDocumentWithAccessCheckResponse":{"@xmlns:xmlns":"http:\\/\\/UCPCF\\/DmsDoctypeAccessAPI.tws","uploadPermission":"Y","isSuccess":"false","exception":null,"uploadDocumentsResponse":{"status":{"@xmlns:xmlns":"","$":"Failed"},"responseMessage":{"@xmlns:xmlns":"","$":"Exception Occured :- Property name :isOSVEnabled doesn't exists on Document Class: CF_LOANDOCUMENT."}},"filenetResponse":"false"}}}
PURCHASED GOODS	0	2019-01-14 14:26:47	1	{"ProcessedId":"1447992","uploadDocumentResponse":{"uploadDocumentWithAccessCheckResponse":{"@xmlns:xmlns":"http:\\/\\/UCPCF\\/DmsDoctypeAccessAPI.tws","uploadPermission":"Y","isSuccess":"false","exception":null,"uploadDocumentsResponse":{"status":{"@xmlns:xmlns":"","$":"Failed"},"responseMessage":{"@xmlns:xmlns":"","$":"Exception Occured :- Property name :isOSVEnabled doesn't exists on Document Class: CF_LOANDOCUMENT."}},"filenetResponse":"false"}}}
PURCHASED GOODS	0	2019-01-14 14:26:48	1	{"ProcessedId":"1447994","uploadDocumentResponse":{"uploadDocumentWithAccessCheckResponse":{"@xmlns:xmlns":"http:\\/\\/UCPCF\\/DmsDoctypeAccessAPI.tws","uploadPermission":"Y","isSuccess":"false","exception":null,"uploadDocumentsResponse":{"status":{"@xmlns:xmlns":"","$":"Failed"},"responseMessage":{"@xmlns:xmlns":"","$":"Exception Occured :- Property name :isOSVEnabled doesn't exists on Document Class: CF_LOANDOCUMENT."}},"filenetResponse":"false"}}}
PURCHASED GOODS	0	2019-01-14 14:26:49	1	{"ProcessedId":"1447995","uploadDocumentResponse":{"uploadDocumentWithAccessCheckResponse":{"@xmlns:xmlns":"http:\\/\\/UCPCF\\/DmsDoctypeAccessAPI.tws","uploadPermission":"Y","isSuccess":"false","exception":null,"uploadDocumentsResponse":{"status":{"@xmlns:xmlns":"","$":"Failed"},"responseMessage":{"@xmlns:xmlns":"","$":"Exception Occured :- Property name :isOSVEnabled doesn't exists on Document Class: CF_LOANDOCUMENT."}},"filenetResponse":"false"}}}
PURCHASED GOODS	0	2019-01-14 14:26:49	1	{"ProcessedId":"1447997","uploadDocumentResponse":{"uploadDocumentWithAccessCheckResponse":{"@xmlns:xmlns":"http:\\/\\/UCPCF\\/DmsDoctypeAccessAPI.tws","uploadPermission":"Y","isSuccess":"false","exception":null,"uploadDocumentsResponse":{"status":{"@xmlns:xmlns":"","$":"Failed"},"responseMessage":{"@xmlns:xmlns":"","$":"Exception Occured :- Property name :isOSVEnabled doesn't exists on Document Class: CF_LOANDOCUMENT."}},"filenetResponse":"false"}}}
PURCHASED GOODS	0	2019-01-14 14:26:50	1	{"ProcessedId":"1447998","uploadDocumentResponse":{"uploadDocumentWithAccessCheckResponse":{"@xmlns:xmlns":"http:\\/\\/UCPCF\\/DmsDoctypeAccessAPI.tws","uploadPermission":"Y","isSuccess":"false","exception":null,"uploadDocumentsResponse":{"status":{"@xmlns:xmlns":"","$":"Failed"},"responseMessage":{"@xmlns:xmlns":"","$":"Exception Occured :- Property name :isOSVEnabled doesn't exists on Document Class: CF_LOANDOCUMENT."}},"filenetResponse":"false"}}}
PURCHASED GOODS	0	2019-01-14 14:26:51	1	{"ProcessedId":"1448000","uploadDocumentResponse":{"uploadDocumentWithAccessCheckResponse":{"@xmlns:xmlns":"http:\\/\\/UCPCF\\/DmsDoctypeAccessAPI.tws","uploadPermission":"Y","isSuccess":"false","exception":null,"uploadDocumentsResponse":{"status":{"@xmlns:xmlns":"","$":"Failed"},"responseMessage":{"@xmlns:xmlns":"","$":"Exception Occured :- Property name :isOSVEnabled doesn't exists on Document Class: CF_LOANDOCUMENT."}},"filenetResponse":"false"}}}
PURCHASED GOODS	0	2019-01-14 14:26:52	1	{"ProcessedId":"1448002","uploadDocumentResponse":{"uploadDocumentWithAccessCheckResponse":{"@xmlns:xmlns":"http:\\/\\/UCPCF\\/DmsDoctypeAccessAPI.tws","uploadPermission":"Y","isSuccess":"false","exception":null,"uploadDocumentsResponse":{"status":{"@xmlns:xmlns":"","$":"Failed"},"responseMessage":{"@xmlns:xmlns":"","$":"Exception Occured :- Property name :isOSVEnabled doesn't exists on Document Class: CF_LOANDOCUMENT."}},"filenetResponse":"false"}}}
PURCHASED GOODS	0	2019-01-14 14:26:53	1	{"ProcessedId":"1448004","uploadDocumentResponse":{"uploadDocumentWithAccessCheckResponse":{"@xmlns:xmlns":"http:\\/\\/UCPCF\\/DmsDoctypeAccessAPI.tws","uploadPermission":"Y","isSuccess":"false","exception":null,"uploadDocumentsResponse":{"status":{"@xmlns:xmlns":"","$":"Failed"},"responseMessage":{"@xmlns:xmlns":"","$":"Exception Occured :- Property name :isOSVEnabled doesn't exists on Document Class: CF_LOANDOCUMENT."}},"filenetResponse":"false"}}}
PURCHASED GOODS	0	2019-01-14 14:26:54	1	{"ProcessedId":"1448006","uploadDocumentResponse":{"uploadDocumentWithAccessCheckResponse":{"@xmlns:xmlns":"http:\\/\\/UCPCF\\/DmsDoctypeAccessAPI.tws","uploadPermission":"Y","isSuccess":"false","exception":null,"uploadDocumentsResponse":{"status":{"@xmlns:xmlns":"","$":"Failed"},"responseMessage":{"@xmlns:xmlns":"","$":"Exception Occured :- Property name :isOSVEnabled doesn't exists on Document Class: CF_LOANDOCUMENT."}},"filenetResponse":"false"}}}
PURCHASED GOODS	0	2019-01-14 14:26:56	1	{"ProcessedId":"1448008","uploadDocumentResponse":{"uploadDocumentWithAccessCheckResponse":{"@xmlns:xmlns":"http:\\/\\/UCPCF\\/DmsDoctypeAccessAPI.tws","uploadPermission":"Y","isSuccess":"false","exception":null,"uploadDocumentsResponse":{"status":{"@xmlns:xmlns":"","$":"Failed"},"responseMessage":{"@xmlns:xmlns":"","$":"Exception Occured :- Property name :isOSVEnabled doesn't exists on Document Class: CF_LOANDOCUMENT."}},"filenetResponse":"false"}}}
PURCHASED GOODS	0	2019-01-14 14:26:57	1	{"ProcessedId":"1448010","uploadDocumentResponse":{"uploadDocumentWithAccessCheckResponse":{"@xmlns:xmlns":"http:\\/\\/UCPCF\\/DmsDoctypeAccessAPI.tws","uploadPermission":"Y","isSuccess":"false","exception":null,"uploadDocumentsResponse":{"status":{"@xmlns:xmlns":"","$":"Failed"},"responseMessage":{"@xmlns:xmlns":"","$":"Exception Occured :- Property name :isOSVEnabled doesn't exists on Document Class: CF_LOANDOCUMENT."}},"filenetResponse":"false"}}}
PURCHASED GOODS	0	2019-01-14 14:26:58	1	{"ProcessedId":"1448012","uploadDocumentResponse":{"uploadDocumentWithAccessCheckResponse":{"@xmlns:xmlns":"http:\\/\\/UCPCF\\/DmsDoctypeAccessAPI.tws","uploadPermission":"Y","isSuccess":"false","exception":null,"uploadDocumentsResponse":{"status":{"@xmlns:xmlns":"","$":"Failed"},"responseMessage":{"@xmlns:xmlns":"","$":"Exception Occured :- Property name :isOSVEnabled doesn't exists on Document Class: CF_LOANDOCUMENT."}},"filenetResponse":"false"}}}
PURCHASED GOODS	0	2019-01-14 14:26:59	1	{"ProcessedId":"1448014","uploadDocumentResponse":{"uploadDocumentWithAccessCheckResponse":{"@xmlns:xmlns":"http:\\/\\/UCPCF\\/DmsDoctypeAccessAPI.tws","uploadPermission":"Y","isSuccess":"false","exception":null,"uploadDocumentsResponse":{"status":{"@xmlns:xmlns":"","$":"Failed"},"responseMessage":{"@xmlns:xmlns":"","$":"Exception Occured :- Property name :isOSVEnabled doesn't exists on Document Class: CF_LOANDOCUMENT."}},"filenetResponse":"false"}}}
INVOICE	0	2019-01-14 14:27:01	1	{"ProcessedId":"1448015","uploadDocumentResponse":{"uploadDocumentWithAccessCheckResponse":{"@xmlns:xmlns":"http:\\/\\/UCPCF\\/DmsDoctypeAccessAPI.tws","uploadPermission":"Y","isSuccess":"false","exception":null,"uploadDocumentsResponse":{"status":{"@xmlns:xmlns":"","$":"Failed"},"responseMessage":{"@xmlns:xmlns":"","$":"Exception Occured :- Property name :isOSVEnabled doesn't exists on Document Class: CF_LOANDOCUMENT."}},"filenetResponse":"false"}}}
INVOICE	0	2019-01-14 14:27:03	1	{"ProcessedId":"1448017","uploadDocumentResponse":{"uploadDocumentWithAccessCheckResponse":{"@xmlns:xmlns":"http:\\/\\/UCPCF\\/DmsDoctypeAccessAPI.tws","uploadPermission":"Y","isSuccess":"false","exception":null,"uploadDocumentsResponse":{"status":{"@xmlns:xmlns":"","$":"Failed"},"responseMessage":{"@xmlns:xmlns":"","$":"Exception Occured :- Property name :isOSVEnabled doesn't exists on Document Class: CF_LOANDOCUMENT."}},"filenetResponse":"false"}}}
INVOICE	0	2019-01-14 14:27:05	1	{"ProcessedId":"1448019","uploadDocumentResponse":{"uploadDocumentWithAccessCheckResponse":{"@xmlns:xmlns":"http:\\/\\/UCPCF\\/DmsDoctypeAccessAPI.tws","uploadPermission":"Y","isSuccess":"false","exception":null,"uploadDocumentsResponse":{"status":{"@xmlns:xmlns":"","$":"Failed"},"responseMessage":{"@xmlns:xmlns":"","$":"Exception Occured :- Property name :isOSVEnabled doesn't exists on Document Class: CF_LOANDOCUMENT."}},"filenetResponse":"false"}}}
INVOICE	0	2019-01-14 14:27:08	1	{"ProcessedId":"1448022","uploadDocumentResponse":{"uploadDocumentWithAccessCheckResponse":{"@xmlns:xmlns":"http:\\/\\/UCPCF\\/DmsDoctypeAccessAPI.tws","uploadPermission":"Y","isSuccess":"false","exception":null,"uploadDocumentsResponse":{"status":{"@xmlns:xmlns":"","$":"Failed"},"responseMessage":{"@xmlns:xmlns":"","$":"Exception Occured :- Property name :isOSVEnabled doesn't exists on Document Class: CF_LOANDOCUMENT."}},"filenetResponse":"false"}}}
PURCHASED GOODS	0	2019-01-14 14:27:09	1	{"ProcessedId":"1448024","uploadDocumentResponse":{"uploadDocumentWithAccessCheckResponse":{"@xmlns:xmlns":"http:\\/\\/UCPCF\\/DmsDoctypeAccessAPI.tws","uploadPermission":"Y","isSuccess":"false","exception":null,"uploadDocumentsResponse":{"status":{"@xmlns:xmlns":"","$":"Failed"},"responseMessage":{"@xmlns:xmlns":"","$":"Exception Occured :- Property name :isOSVEnabled doesn't exists on Document Class: CF_LOANDOCUMENT."}},"filenetResponse":"false"}}}
PURCHASED GOODS	0	2019-01-14 14:27:10	1	{"ProcessedId":"1448025","uploadDocumentResponse":{"uploadDocumentWithAccessCheckResponse":{"@xmlns:xmlns":"http:\\/\\/UCPCF\\/DmsDoctypeAccessAPI.tws","uploadPermission":"Y","isSuccess":"false","exception":null,"uploadDocumentsResponse":{"status":{"@xmlns:xmlns":"","$":"Failed"},"responseMessage":{"@xmlns:xmlns":"","$":"Exception Occured :- Property name :isOSVEnabled doesn't exists on Document Class: CF_LOANDOCUMENT."}},"filenetResponse":"false"}}}
INVOICE	0	2019-01-14 14:27:12	1	{"ProcessedId":"1448027","uploadDocumentResponse":{"uploadDocumentWithAccessCheckResponse":{"@xmlns:xmlns":"http:\\/\\/UCPCF\\/DmsDoctypeAccessAPI.tws","uploadPermission":"Y","isSuccess":"false","exception":null,"uploadDocumentsResponse":{"status":{"@xmlns:xmlns":"","$":"Failed"},"responseMessage":{"@xmlns:xmlns":"","$":"Exception Occured :- Property name :isOSVEnabled doesn't exists on Document Class: CF_LOANDOCUMENT."}},"filenetResponse":"false"}}}
PURCHASED GOODS	0	2019-01-14 14:27:13	1	{"ProcessedId":"1448029","uploadDocumentResponse":{"uploadDocumentWithAccessCheckResponse":{"@xmlns:xmlns":"http:\\/\\/UCPCF\\/DmsDoctypeAccessAPI.tws","uploadPermission":"Y","isSuccess":"false","exception":null,"uploadDocumentsResponse":{"status":{"@xmlns:xmlns":"","$":"Failed"},"responseMessage":{"@xmlns:xmlns":"","$":"Exception Occured :- Property name :isOSVEnabled doesn't exists on Document Class: CF_LOANDOCUMENT."}},"filenetResponse":"false"}}}
PURCHASED GOODS	0	2019-01-14 14:27:14	1	{"ProcessedId":"1448030","uploadDocumentResponse":{"uploadDocumentWithAccessCheckResponse":{"@xmlns:xmlns":"http:\\/\\/UCPCF\\/DmsDoctypeAccessAPI.tws","uploadPermission":"Y","isSuccess":"false","exception":null,"uploadDocumentsResponse":{"status":{"@xmlns:xmlns":"","$":"Failed"},"responseMessage":{"@xmlns:xmlns":"","$":"Exception Occured :- Property name :isOSVEnabled doesn't exists on Document Class: CF_LOANDOCUMENT."}},"filenetResponse":"false"}}}
PURCHASED GOODS	0	2019-01-14 14:27:15	1	{"ProcessedId":"1448032","uploadDocumentResponse":{"uploadDocumentWithAccessCheckResponse":{"@xmlns:xmlns":"http:\\/\\/UCPCF\\/DmsDoctypeAccessAPI.tws","uploadPermission":"Y","isSuccess":"false","exception":null,"uploadDocumentsResponse":{"status":{"@xmlns:xmlns":"","$":"Failed"},"responseMessage":{"@xmlns:xmlns":"","$":"Exception Occured :- Property name :isOSVEnabled doesn't exists on Document Class: CF_LOANDOCUMENT."}},"filenetResponse":"false"}}}
PURCHASED GOODS	0	2019-01-14 14:27:15	1	{"ProcessedId":"1448033","uploadDocumentResponse":{"uploadDocumentWithAccessCheckResponse":{"@xmlns:xmlns":"http:\\/\\/UCPCF\\/DmsDoctypeAccessAPI.tws","uploadPermission":"Y","isSuccess":"false","exception":null,"uploadDocumentsResponse":{"status":{"@xmlns:xmlns":"","$":"Failed"},"responseMessage":{"@xmlns:xmlns":"","$":"Exception Occured :- Property name :isOSVEnabled doesn't exists on Document Class: CF_LOANDOCUMENT."}},"filenetResponse":"false"}}}
PURCHASED GOODS	0	2019-01-14 14:27:17	1	{"ProcessedId":"1448035","uploadDocumentResponse":{"uploadDocumentWithAccessCheckResponse":{"@xmlns:xmlns":"http:\\/\\/UCPCF\\/DmsDoctypeAccessAPI.tws","uploadPermission":"Y","isSuccess":"false","exception":null,"uploadDocumentsResponse":{"status":{"@xmlns:xmlns":"","$":"Failed"},"responseMessage":{"@xmlns:xmlns":"","$":"Exception Occured :- Property name :isOSVEnabled doesn't exists on Document Class: CF_LOANDOCUMENT."}},"filenetResponse":"false"}}}
Pan Card	0	2019-01-14 14:27:17	1	{"ProcessedId":"1448037","uploadDocumentResponse":{"uploadDocumentWithAccessCheckResponse":{"@xmlns:xmlns":"http:\\/\\/UCPCF\\/DmsDoctypeAccessAPI.tws","uploadPermission":"Y","isSuccess":"false","exception":null,"uploadDocumentsResponse":{"status":{"@xmlns:xmlns":"","$":"Failed"},"responseMessage":{"@xmlns:xmlns":"","$":"Exception Occured :- Property name :isOSVEnabled doesn't exists on Document Class: CF_LOANDOCUMENT."}},"filenetResponse":"false"}}}
PURCHASED GOODS	0	2019-01-14 14:27:19	1	{"ProcessedId":"1448039","uploadDocumentResponse":{"uploadDocumentWithAccessCheckResponse":{"@xmlns:xmlns":"http:\\/\\/UCPCF\\/DmsDoctypeAccessAPI.tws","uploadPermission":"Y","isSuccess":"false","exception":null,"uploadDocumentsResponse":{"status":{"@xmlns:xmlns":"","$":"Failed"},"responseMessage":{"@xmlns:xmlns":"","$":"Exception Occured :- Property name :isOSVEnabled doesn't exists on Document Class: CF_LOANDOCUMENT."}},"filenetResponse":"false"}}}
PURCHASED GOODS	0	2019-01-14 14:27:20	1	{"ProcessedId":"1448040","uploadDocumentResponse":{"uploadDocumentWithAccessCheckResponse":{"@xmlns:xmlns":"http:\\/\\/UCPCF\\/DmsDoctypeAccessAPI.tws","uploadPermission":"Y","isSuccess":"false","exception":null,"uploadDocumentsResponse":{"status":{"@xmlns:xmlns":"","$":"Failed"},"responseMessage":{"@xmlns:xmlns":"","$":"Exception Occured :- Property name :isOSVEnabled doesn't exists on Document Class: CF_LOANDOCUMENT."}},"filenetResponse":"false"}}}
Aadhar	0	2019-01-14 14:27:21	1	{"ProcessedId":"1448043","uploadDocumentResponse":{"uploadDocumentWithAccessCheckResponse":{"@xmlns:xmlns":"http:\\/\\/UCPCF\\/DmsDoctypeAccessAPI.tws","uploadPermission":"Y","isSuccess":"false","exception":null,"uploadDocumentsResponse":{"status":{"@xmlns:xmlns":"","$":"Failed"},"responseMessage":{"@xmlns:xmlns":"","$":"Exception Occured :- Property name :isOSVEnabled doesn't exists on Document Class: CF_LOANDOCUMENT."}},"filenetResponse":"false"}}}
PURCHASED GOODS	0	2019-01-14 14:27:21	1	{"ProcessedId":"1448045","uploadDocumentResponse":{"uploadDocumentWithAccessCheckResponse":{"@xmlns:xmlns":"http:\\/\\/UCPCF\\/DmsDoctypeAccessAPI.tws","uploadPermission":"Y","isSuccess":"false","exception":null,"uploadDocumentsResponse":{"status":{"@xmlns:xmlns":"","$":"Failed"},"responseMessage":{"@xmlns:xmlns":"","$":"Exception Occured :- Property name :isOSVEnabled doesn't exists on Document Class: CF_LOANDOCUMENT."}},"filenetResponse":"false"}}}
PURCHASED GOODS	0	2019-01-14 14:27:22	1	{"ProcessedId":"1448047","uploadDocumentResponse":{"uploadDocumentWithAccessCheckResponse":{"@xmlns:xmlns":"http:\\/\\/UCPCF\\/DmsDoctypeAccessAPI.tws","uploadPermission":"Y","isSuccess":"false","exception":null,"uploadDocumentsResponse":{"status":{"@xmlns:xmlns":"","$":"Failed"},"responseMessage":{"@xmlns:xmlns":"","$":"Exception Occured :- Property name :isOSVEnabled doesn't exists on Document Class: CF_LOANDOCUMENT."}},"filenetResponse":"false"}}}
PURCHASED GOODS	0	2019-01-14 14:27:24	1	{"ProcessedId":"1448048","uploadDocumentResponse":{"uploadDocumentWithAccessCheckResponse":{"@xmlns:xmlns":"http:\\/\\/UCPCF\\/DmsDoctypeAccessAPI.tws","uploadPermission":"Y","isSuccess":"false","exception":null,"uploadDocumentsResponse":{"status":{"@xmlns:xmlns":"","$":"Failed"},"responseMessage":{"@xmlns:xmlns":"","$":"Exception Occured :- Property name :isOSVEnabled doesn't exists on Document Class: CF_LOANDOCUMENT."}},"filenetResponse":"false"}}}
PURCHASED GOODS	0	2019-01-14 14:27:24	1	{"ProcessedId":"1448050","uploadDocumentResponse":{"uploadDocumentWithAccessCheckResponse":{"@xmlns:xmlns":"http:\\/\\/UCPCF\\/DmsDoctypeAccessAPI.tws","uploadPermission":"Y","isSuccess":"false","exception":null,"uploadDocumentsResponse":{"status":{"@xmlns:xmlns":"","$":"Failed"},"responseMessage":{"@xmlns:xmlns":"","$":"Exception Occured :- Property name :isOSVEnabled doesn't exists on Document Class: CF_LOANDOCUMENT."}},"filenetResponse":"false"}}}
PURCHASED GOODS	0	2019-01-14 14:27:25	1	{"ProcessedId":"1448052","uploadDocumentResponse":{"uploadDocumentWithAccessCheckResponse":{"@xmlns:xmlns":"http:\\/\\/UCPCF\\/DmsDoctypeAccessAPI.tws","uploadPermission":"Y","isSuccess":"false","exception":null,"uploadDocumentsResponse":{"status":{"@xmlns:xmlns":"","$":"Failed"},"responseMessage":{"@xmlns:xmlns":"","$":"Exception Occured :- Property name :isOSVEnabled doesn't exists on Document Class: CF_LOANDOCUMENT."}},"filenetResponse":"false"}}}
INVOICE	0	2019-01-14 14:27:27	1	{"ProcessedId":"1448054","uploadDocumentResponse":{"uploadDocumentWithAccessCheckResponse":{"@xmlns:xmlns":"http:\\/\\/UCPCF\\/DmsDoctypeAccessAPI.tws","uploadPermission":"Y","isSuccess":"false","exception":null,"uploadDocumentsResponse":{"status":{"@xmlns:xmlns":"","$":"Failed"},"responseMessage":{"@xmlns:xmlns":"","$":"Exception Occured :- Property name :isOSVEnabled doesn't exists on Document Class: CF_LOANDOCUMENT."}},"filenetResponse":"false"}}}
PURCHASED GOODS	0	2019-01-14 14:27:28	1	{"ProcessedId":"1448055","uploadDocumentResponse":{"uploadDocumentWithAccessCheckResponse":{"@xmlns:xmlns":"http:\\/\\/UCPCF\\/DmsDoctypeAccessAPI.tws","uploadPermission":"Y","isSuccess":"false","exception":null,"uploadDocumentsResponse":{"status":{"@xmlns:xmlns":"","$":"Failed"},"responseMessage":{"@xmlns:xmlns":"","$":"Exception Occured :- Property name :isOSVEnabled doesn't exists on Document Class: CF_LOANDOCUMENT."}},"filenetResponse":"false"}}}
PURCHASED GOODS	0	2019-01-14 14:27:28	1	{"ProcessedId":"1448057","uploadDocumentResponse":{"uploadDocumentWithAccessCheckResponse":{"@xmlns:xmlns":"http:\\/\\/UCPCF\\/DmsDoctypeAccessAPI.tws","uploadPermission":"Y","isSuccess":"false","exception":null,"uploadDocumentsResponse":{"status":{"@xmlns:xmlns":"","$":"Failed"},"responseMessage":{"@xmlns:xmlns":"","$":"Exception Occured :- Property name :isOSVEnabled doesn't exists on Document Class: CF_LOANDOCUMENT."}},"filenetResponse":"false"}}}
PURCHASED GOODS	0	2019-01-14 14:27:29	1	{"ProcessedId":"1448058","uploadDocumentResponse":{"uploadDocumentWithAccessCheckResponse":{"@xmlns:xmlns":"http:\\/\\/UCPCF\\/DmsDoctypeAccessAPI.tws","uploadPermission":"Y","isSuccess":"false","exception":null,"uploadDocumentsResponse":{"status":{"@xmlns:xmlns":"","$":"Failed"},"responseMessage":{"@xmlns:xmlns":"","$":"Exception Occured :- Property name :isOSVEnabled doesn't exists on Document Class: CF_LOANDOCUMENT."}},"filenetResponse":"false"}}}
INVOICE	0	2019-01-14 14:27:30	1	{"ProcessedId":"1448060","uploadDocumentResponse":{"uploadDocumentWithAccessCheckResponse":{"@xmlns:xmlns":"http:\\/\\/UCPCF\\/DmsDoctypeAccessAPI.tws","uploadPermission":"Y","isSuccess":"false","exception":null,"uploadDocumentsResponse":{"status":{"@xmlns:xmlns":"","$":"Failed"},"responseMessage":{"@xmlns:xmlns":"","$":"Exception Occured :- Property name :isOSVEnabled doesn't exists on Document Class: CF_LOANDOCUMENT."}},"filenetResponse":"false"}}}
INVOICE	0	2019-01-14 14:27:32	1	{"ProcessedId":"1448061","uploadDocumentResponse":{"uploadDocumentWithAccessCheckResponse":{"@xmlns:xmlns":"http:\\/\\/UCPCF\\/DmsDoctypeAccessAPI.tws","uploadPermission":"Y","isSuccess":"false","exception":null,"uploadDocumentsResponse":{"status":{"@xmlns:xmlns":"","$":"Failed"},"responseMessage":{"@xmlns:xmlns":"","$":"Exception Occured :- Property name :isOSVEnabled doesn't exists on Document Class: CF_LOANDOCUMENT."}},"filenetResponse":"false"}}}
INVOICE	0	2019-01-14 14:27:34	1	{"ProcessedId":"1448063","uploadDocumentResponse":{"uploadDocumentWithAccessCheckResponse":{"@xmlns:xmlns":"http:\\/\\/UCPCF\\/DmsDoctypeAccessAPI.tws","uploadPermission":"Y","isSuccess":"false","exception":null,"uploadDocumentsResponse":{"status":{"@xmlns:xmlns":"","$":"Failed"},"responseMessage":{"@xmlns:xmlns":"","$":"Exception Occured :- Property name :isOSVEnabled doesn't exists on Document Class: CF_LOANDOCUMENT."}},"filenetResponse":"false"}}}
INVOICE	0	2019-01-14 14:27:35	1	{"ProcessedId":"1448066","uploadDocumentResponse":{"uploadDocumentWithAccessCheckResponse":{"@xmlns:xmlns":"http:\\/\\/UCPCF\\/DmsDoctypeAccessAPI.tws","uploadPermission":"Y","isSuccess":"false","exception":null,"uploadDocumentsResponse":{"status":{"@xmlns:xmlns":"","$":"Failed"},"responseMessage":{"@xmlns:xmlns":"","$":"Exception Occured :- Property name :isOSVEnabled doesn't exists on Document Class: CF_LOANDOCUMENT."}},"filenetResponse":"false"}}}
INVOICE	0	2019-01-14 14:27:37	1	{"ProcessedId":"1448068","uploadDocumentResponse":{"uploadDocumentWithAccessCheckResponse":{"@xmlns:xmlns":"http:\\/\\/UCPCF\\/DmsDoctypeAccessAPI.tws","uploadPermission":"Y","isSuccess":"false","exception":null,"uploadDocumentsResponse":{"status":{"@xmlns:xmlns":"","$":"Failed"},"responseMessage":{"@xmlns:xmlns":"","$":"Exception Occured :- Property name :isOSVEnabled doesn't exists on Document Class: CF_LOANDOCUMENT."}},"filenetResponse":"false"}}}
PURCHASED GOODS	0	2019-01-14 14:27:38	1	{"ProcessedId":"1448071","uploadDocumentResponse":{"uploadDocumentWithAccessCheckResponse":{"@xmlns:xmlns":"http:\\/\\/UCPCF\\/DmsDoctypeAccessAPI.tws","uploadPermission":"Y","isSuccess":"false","exception":null,"uploadDocumentsResponse":{"status":{"@xmlns:xmlns":"","$":"Failed"},"responseMessage":{"@xmlns:xmlns":"","$":"Exception Occured :- Property name :isOSVEnabled doesn't exists on Document Class: CF_LOANDOCUMENT."}},"filenetResponse":"false"}}}
PURCHASED GOODS	0	2019-01-14 14:27:39	1	{"ProcessedId":"1448073","uploadDocumentResponse":{"uploadDocumentWithAccessCheckResponse":{"@xmlns:xmlns":"http:\\/\\/UCPCF\\/DmsDoctypeAccessAPI.tws","uploadPermission":"Y","isSuccess":"false","exception":null,"uploadDocumentsResponse":{"status":{"@xmlns:xmlns":"","$":"Failed"},"responseMessage":{"@xmlns:xmlns":"","$":"Exception Occured :- Property name :isOSVEnabled doesn't exists on Document Class: CF_LOANDOCUMENT."}},"filenetResponse":"false"}}}
PURCHASED GOODS	0	2019-01-14 14:27:40	1	{"ProcessedId":"1448075","uploadDocumentResponse":{"uploadDocumentWithAccessCheckResponse":{"@xmlns:xmlns":"http:\\/\\/UCPCF\\/DmsDoctypeAccessAPI.tws","uploadPermission":"Y","isSuccess":"false","exception":null,"uploadDocumentsResponse":{"status":{"@xmlns:xmlns":"","$":"Failed"},"responseMessage":{"@xmlns:xmlns":"","$":"Exception Occured :- Property name :isOSVEnabled doesn't exists on Document Class: CF_LOANDOCUMENT."}},"filenetResponse":"false"}}}
PURCHASED GOODS	0	2019-01-14 14:27:41	1	{"ProcessedId":"1448076","uploadDocumentResponse":{"uploadDocumentWithAccessCheckResponse":{"@xmlns:xmlns":"http:\\/\\/UCPCF\\/DmsDoctypeAccessAPI.tws","uploadPermission":"Y","isSuccess":"false","exception":null,"uploadDocumentsResponse":{"status":{"@xmlns:xmlns":"","$":"Failed"},"responseMessage":{"@xmlns:xmlns":"","$":"Exception Occured :- Property name :isOSVEnabled doesn't exists on Document Class: CF_LOANDOCUMENT."}},"filenetResponse":"false"}}}
PURCHASED GOODS	0	2019-01-14 14:27:43	1	{"ProcessedId":"1448077","uploadDocumentResponse":{"uploadDocumentWithAccessCheckResponse":{"@xmlns:xmlns":"http:\\/\\/UCPCF\\/DmsDoctypeAccessAPI.tws","uploadPermission":"Y","isSuccess":"false","exception":null,"uploadDocumentsResponse":{"status":{"@xmlns:xmlns":"","$":"Failed"},"responseMessage":{"@xmlns:xmlns":"","$":"Exception Occured :- Property name :isOSVEnabled doesn't exists on Document Class: CF_LOANDOCUMENT."}},"filenetResponse":"false"}}}
PURCHASED GOODS	0	2019-01-14 14:27:44	1	{"ProcessedId":"1448079","uploadDocumentResponse":{"uploadDocumentWithAccessCheckResponse":{"@xmlns:xmlns":"http:\\/\\/UCPCF\\/DmsDoctypeAccessAPI.tws","uploadPermission":"Y","isSuccess":"false","exception":null,"uploadDocumentsResponse":{"status":{"@xmlns:xmlns":"","$":"Failed"},"responseMessage":{"@xmlns:xmlns":"","$":"Exception Occured :- Property name :isOSVEnabled doesn't exists on Document Class: CF_LOANDOCUMENT."}},"filenetResponse":"false"}}}
PURCHASED GOODS	0	2019-01-14 14:27:45	1	{"ProcessedId":"1448081","uploadDocumentResponse":{"uploadDocumentWithAccessCheckResponse":{"@xmlns:xmlns":"http:\\/\\/UCPCF\\/DmsDoctypeAccessAPI.tws","uploadPermission":"Y","isSuccess":"false","exception":null,"uploadDocumentsResponse":{"status":{"@xmlns:xmlns":"","$":"Failed"},"responseMessage":{"@xmlns:xmlns":"","$":"Exception Occured :- Property name :isOSVEnabled doesn't exists on Document Class: CF_LOANDOCUMENT."}},"filenetResponse":"false"}}}
PURCHASED GOODS	0	2019-01-14 14:27:46	1	{"ProcessedId":"1448083","uploadDocumentResponse":{"uploadDocumentWithAccessCheckResponse":{"@xmlns:xmlns":"http:\\/\\/UCPCF\\/DmsDoctypeAccessAPI.tws","uploadPermission":"Y","isSuccess":"false","exception":null,"uploadDocumentsResponse":{"status":{"@xmlns:xmlns":"","$":"Failed"},"responseMessage":{"@xmlns:xmlns":"","$":"Exception Occured :- Property name :isOSVEnabled doesn't exists on Document Class: CF_LOANDOCUMENT."}},"filenetResponse":"false"}}}
PURCHASED GOODS	0	2019-01-14 14:27:47	1	{"ProcessedId":"1448084","uploadDocumentResponse":{"uploadDocumentWithAccessCheckResponse":{"@xmlns:xmlns":"http:\\/\\/UCPCF\\/DmsDoctypeAccessAPI.tws","uploadPermission":"Y","isSuccess":"false","exception":null,"uploadDocumentsResponse":{"status":{"@xmlns:xmlns":"","$":"Failed"},"responseMessage":{"@xmlns:xmlns":"","$":"Exception Occured :- Property name :isOSVEnabled doesn't exists on Document Class: CF_LOANDOCUMENT."}},"filenetResponse":"false"}}}
PURCHASED GOODS	0	2019-01-14 14:27:48	1	{"ProcessedId":"1448086","uploadDocumentResponse":{"uploadDocumentWithAccessCheckResponse":{"@xmlns:xmlns":"http:\\/\\/UCPCF\\/DmsDoctypeAccessAPI.tws","uploadPermission":"Y","isSuccess":"false","exception":null,"uploadDocumentsResponse":{"status":{"@xmlns:xmlns":"","$":"Failed"},"responseMessage":{"@xmlns:xmlns":"","$":"Exception Occured :- Property name :isOSVEnabled doesn't exists on Document Class: CF_LOANDOCUMENT."}},"filenetResponse":"false"}}}
PURCHASED GOODS	0	2019-01-14 14:27:49	1	{"ProcessedId":"1448087","uploadDocumentResponse":{"uploadDocumentWithAccessCheckResponse":{"@xmlns:xmlns":"http:\\/\\/UCPCF\\/DmsDoctypeAccessAPI.tws","uploadPermission":"Y","isSuccess":"false","exception":null,"uploadDocumentsResponse":{"status":{"@xmlns:xmlns":"","$":"Failed"},"responseMessage":{"@xmlns:xmlns":"","$":"Exception Occured :- Property name :isOSVEnabled doesn't exists on Document Class: CF_LOANDOCUMENT."}},"filenetResponse":"false"}}}
PURCHASED GOODS	0	2019-01-14 14:27:50	1	{"ProcessedId":"1448090","uploadDocumentResponse":{"uploadDocumentWithAccessCheckResponse":{"@xmlns:xmlns":"http:\\/\\/UCPCF\\/DmsDoctypeAccessAPI.tws","uploadPermission":"Y","isSuccess":"false","exception":null,"uploadDocumentsResponse":{"status":{"@xmlns:xmlns":"","$":"Failed"},"responseMessage":{"@xmlns:xmlns":"","$":"Exception Occured :- Property name :isOSVEnabled doesn't exists on Document Class: CF_LOANDOCUMENT."}},"filenetResponse":"false"}}}
PURCHASED GOODS	0	2019-01-14 14:27:51	1	{"ProcessedId":"1448092","uploadDocumentResponse":{"uploadDocumentWithAccessCheckResponse":{"@xmlns:xmlns":"http:\\/\\/UCPCF\\/DmsDoctypeAccessAPI.tws","uploadPermission":"Y","isSuccess":"false","exception":null,"uploadDocumentsResponse":{"status":{"@xmlns:xmlns":"","$":"Failed"},"responseMessage":{"@xmlns:xmlns":"","$":"Exception Occured :- Property name :isOSVEnabled doesn't exists on Document Class: CF_LOANDOCUMENT."}},"filenetResponse":"false"}}}
PURCHASED GOODS	0	2019-01-14 14:27:52	1	{"ProcessedId":"1448094","uploadDocumentResponse":{"uploadDocumentWithAccessCheckResponse":{"@xmlns:xmlns":"http:\\/\\/UCPCF\\/DmsDoctypeAccessAPI.tws","uploadPermission":"Y","isSuccess":"false","exception":null,"uploadDocumentsResponse":{"status":{"@xmlns:xmlns":"","$":"Failed"},"responseMessage":{"@xmlns:xmlns":"","$":"Exception Occured :- Property name :isOSVEnabled doesn't exists on Document Class: CF_LOANDOCUMENT."}},"filenetResponse":"false"}}}
PURCHASED GOODS	0	2019-01-14 14:27:59	1	{"ProcessedId":"1448102","uploadDocumentResponse":{"uploadDocumentWithAccessCheckResponse":{"@xmlns:xmlns":"http:\\/\\/UCPCF\\/DmsDoctypeAccessAPI.tws","uploadPermission":"Y","isSuccess":"false","exception":null,"uploadDocumentsResponse":{"status":{"@xmlns:xmlns":"","$":"Failed"},"responseMessage":{"@xmlns:xmlns":"","$":"Exception Occured :- Property name :isOSVEnabled doesn't exists on Document Class: CF_LOANDOCUMENT."}},"filenetResponse":"false"}}}
PURCHASED GOODS	0	2019-01-14 14:28:00	1	{"ProcessedId":"1448104","uploadDocumentResponse":{"uploadDocumentWithAccessCheckResponse":{"@xmlns:xmlns":"http:\\/\\/UCPCF\\/DmsDoctypeAccessAPI.tws","uploadPermission":"Y","isSuccess":"false","exception":null,"uploadDocumentsResponse":{"status":{"@xmlns:xmlns":"","$":"Failed"},"responseMessage":{"@xmlns:xmlns":"","$":"Exception Occured :- Property name :isOSVEnabled doesn't exists on Document Class: CF_LOANDOCUMENT."}},"filenetResponse":"false"}}}
PURCHASED GOODS	0	2019-01-14 14:28:01	1	{"ProcessedId":"1448105","uploadDocumentResponse":{"uploadDocumentWithAccessCheckResponse":{"@xmlns:xmlns":"http:\\/\\/UCPCF\\/DmsDoctypeAccessAPI.tws","uploadPermission":"Y","isSuccess":"false","exception":null,"uploadDocumentsResponse":{"status":{"@xmlns:xmlns":"","$":"Failed"},"responseMessage":{"@xmlns:xmlns":"","$":"Exception Occured :- Property name :isOSVEnabled doesn't exists on Document Class: CF_LOANDOCUMENT."}},"filenetResponse":"false"}}}
PURCHASED GOODS	0	2019-01-14 14:28:02	1	{"ProcessedId":"1448107","uploadDocumentResponse":{"uploadDocumentWithAccessCheckResponse":{"@xmlns:xmlns":"http:\\/\\/UCPCF\\/DmsDoctypeAccessAPI.tws","uploadPermission":"Y","isSuccess":"false","exception":null,"uploadDocumentsResponse":{"status":{"@xmlns:xmlns":"","$":"Failed"},"responseMessage":{"@xmlns:xmlns":"","$":"Exception Occured :- Property name :isOSVEnabled doesn't exists on Document Class: CF_LOANDOCUMENT."}},"filenetResponse":"false"}}}
PURCHASED GOODS	0	2019-01-14 14:28:03	1	{"ProcessedId":"1448108","uploadDocumentResponse":{"uploadDocumentWithAccessCheckResponse":{"@xmlns:xmlns":"http:\\/\\/UCPCF\\/DmsDoctypeAccessAPI.tws","uploadPermission":"Y","isSuccess":"false","exception":null,"uploadDocumentsResponse":{"status":{"@xmlns:xmlns":"","$":"Failed"},"responseMessage":{"@xmlns:xmlns":"","$":"Exception Occured :- Property name :isOSVEnabled doesn't exists on Document Class: CF_LOANDOCUMENT."}},"filenetResponse":"false"}}}
PURCHASED GOODS	0	2019-01-14 14:28:04	1	{"ProcessedId":"1448110","uploadDocumentResponse":{"uploadDocumentWithAccessCheckResponse":{"@xmlns:xmlns":"http:\\/\\/UCPCF\\/DmsDoctypeAccessAPI.tws","uploadPermission":"Y","isSuccess":"false","exception":null,"uploadDocumentsResponse":{"status":{"@xmlns:xmlns":"","$":"Failed"},"responseMessage":{"@xmlns:xmlns":"","$":"Exception Occured :- Property name :isOSVEnabled doesn't exists on Document Class: CF_LOANDOCUMENT."}},"filenetResponse":"false"}}}
PURCHASED GOODS	0	2019-01-14 14:28:05	1	{"ProcessedId":"1448112","uploadDocumentResponse":{"uploadDocumentWithAccessCheckResponse":{"@xmlns:xmlns":"http:\\/\\/UCPCF\\/DmsDoctypeAccessAPI.tws","uploadPermission":"Y","isSuccess":"false","exception":null,"uploadDocumentsResponse":{"status":{"@xmlns:xmlns":"","$":"Failed"},"responseMessage":{"@xmlns:xmlns":"","$":"Exception Occured :- Property name :isOSVEnabled doesn't exists on Document Class: CF_LOANDOCUMENT."}},"filenetResponse":"false"}}}
PURCHASED GOODS	0	2019-01-14 14:28:06	1	{"ProcessedId":"1448113","uploadDocumentResponse":{"uploadDocumentWithAccessCheckResponse":{"@xmlns:xmlns":"http:\\/\\/UCPCF\\/DmsDoctypeAccessAPI.tws","uploadPermission":"Y","isSuccess":"false","exception":null,"uploadDocumentsResponse":{"status":{"@xmlns:xmlns":"","$":"Failed"},"responseMessage":{"@xmlns:xmlns":"","$":"Exception Occured :- Property name :isOSVEnabled doesn't exists on Document Class: CF_LOANDOCUMENT."}},"filenetResponse":"false"}}}
PURCHASED GOODS	0	2019-01-14 14:28:07	1	{"ProcessedId":"1448115","uploadDocumentResponse":{"uploadDocumentWithAccessCheckResponse":{"@xmlns:xmlns":"http:\\/\\/UCPCF\\/DmsDoctypeAccessAPI.tws","uploadPermission":"Y","isSuccess":"false","exception":null,"uploadDocumentsResponse":{"status":{"@xmlns:xmlns":"","$":"Failed"},"responseMessage":{"@xmlns:xmlns":"","$":"Exception Occured :- Property name :isOSVEnabled doesn't exists on Document Class: CF_LOANDOCUMENT."}},"filenetResponse":"false"}}}
PURCHASED GOODS	0	2019-01-14 14:28:08	1	{"ProcessedId":"1448116","uploadDocumentResponse":{"uploadDocumentWithAccessCheckResponse":{"@xmlns:xmlns":"http:\\/\\/UCPCF\\/DmsDoctypeAccessAPI.tws","uploadPermission":"Y","isSuccess":"false","exception":null,"uploadDocumentsResponse":{"status":{"@xmlns:xmlns":"","$":"Failed"},"responseMessage":{"@xmlns:xmlns":"","$":"Exception Occured :- Property name :isOSVEnabled doesn't exists on Document Class: CF_LOANDOCUMENT."}},"filenetResponse":"false"}}}
PURCHASED GOODS	0	2019-01-14 14:28:09	1	{"ProcessedId":"1448118","uploadDocumentResponse":{"uploadDocumentWithAccessCheckResponse":{"@xmlns:xmlns":"http:\\/\\/UCPCF\\/DmsDoctypeAccessAPI.tws","uploadPermission":"Y","isSuccess":"false","exception":null,"uploadDocumentsResponse":{"status":{"@xmlns:xmlns":"","$":"Failed"},"responseMessage":{"@xmlns:xmlns":"","$":"Exception Occured :- Property name :isOSVEnabled doesn't exists on Document Class: CF_LOANDOCUMENT."}},"filenetResponse":"false"}}}
PURCHASED GOODS	0	2019-01-14 14:28:10	1	{"ProcessedId":"1448120","uploadDocumentResponse":{"uploadDocumentWithAccessCheckResponse":{"@xmlns:xmlns":"http:\\/\\/UCPCF\\/DmsDoctypeAccessAPI.tws","uploadPermission":"Y","isSuccess":"false","exception":null,"uploadDocumentsResponse":{"status":{"@xmlns:xmlns":"","$":"Failed"},"responseMessage":{"@xmlns:xmlns":"","$":"Exception Occured :- Property name :isOSVEnabled doesn't exists on Document Class: CF_LOANDOCUMENT."}},"filenetResponse":"false"}}}
PURCHASED GOODS	0	2019-01-14 14:28:11	1	{"ProcessedId":"1448122","uploadDocumentResponse":{"uploadDocumentWithAccessCheckResponse":{"@xmlns:xmlns":"http:\\/\\/UCPCF\\/DmsDoctypeAccessAPI.tws","uploadPermission":"Y","isSuccess":"false","exception":null,"uploadDocumentsResponse":{"status":{"@xmlns:xmlns":"","$":"Failed"},"responseMessage":{"@xmlns:xmlns":"","$":"Exception Occured :- Property name :isOSVEnabled doesn't exists on Document Class: CF_LOANDOCUMENT."}},"filenetResponse":"false"}}}
PURCHASED GOODS	0	2019-01-14 14:28:12	1	{"ProcessedId":"1448123","uploadDocumentResponse":{"uploadDocumentWithAccessCheckResponse":{"@xmlns:xmlns":"http:\\/\\/UCPCF\\/DmsDoctypeAccessAPI.tws","uploadPermission":"Y","isSuccess":"false","exception":null,"uploadDocumentsResponse":{"status":{"@xmlns:xmlns":"","$":"Failed"},"responseMessage":{"@xmlns:xmlns":"","$":"Exception Occured :- Property name :isOSVEnabled doesn't exists on Document Class: CF_LOANDOCUMENT."}},"filenetResponse":"false"}}}
PURCHASED GOODS	0	2019-01-14 14:28:13	1	{"ProcessedId":"1448125","uploadDocumentResponse":{"uploadDocumentWithAccessCheckResponse":{"@xmlns:xmlns":"http:\\/\\/UCPCF\\/DmsDoctypeAccessAPI.tws","uploadPermission":"Y","isSuccess":"false","exception":null,"uploadDocumentsResponse":{"status":{"@xmlns:xmlns":"","$":"Failed"},"responseMessage":{"@xmlns:xmlns":"","$":"Exception Occured :- Property name :isOSVEnabled doesn't exists on Document Class: CF_LOANDOCUMENT."}},"filenetResponse":"false"}}}
PURCHASED GOODS	0	2019-01-14 14:28:14	1	{"ProcessedId":"1448126","uploadDocumentResponse":{"uploadDocumentWithAccessCheckResponse":{"@xmlns:xmlns":"http:\\/\\/UCPCF\\/DmsDoctypeAccessAPI.tws","uploadPermission":"Y","isSuccess":"false","exception":null,"uploadDocumentsResponse":{"status":{"@xmlns:xmlns":"","$":"Failed"},"responseMessage":{"@xmlns:xmlns":"","$":"Exception Occured :- Property name :isOSVEnabled doesn't exists on Document Class: CF_LOANDOCUMENT."}},"filenetResponse":"false"}}}
PURCHASED GOODS	0	2019-01-14 14:28:15	1	{"ProcessedId":"1448128","uploadDocumentResponse":{"uploadDocumentWithAccessCheckResponse":{"@xmlns:xmlns":"http:\\/\\/UCPCF\\/DmsDoctypeAccessAPI.tws","uploadPermission":"Y","isSuccess":"false","exception":null,"uploadDocumentsResponse":{"status":{"@xmlns:xmlns":"","$":"Failed"},"responseMessage":{"@xmlns:xmlns":"","$":"Exception Occured :- Property name :isOSVEnabled doesn't exists on Document Class: CF_LOANDOCUMENT."}},"filenetResponse":"false"}}}
PURCHASED GOODS	0	2019-01-14 14:28:16	1	{"ProcessedId":"1448130","uploadDocumentResponse":{"uploadDocumentWithAccessCheckResponse":{"@xmlns:xmlns":"http:\\/\\/UCPCF\\/DmsDoctypeAccessAPI.tws","uploadPermission":"Y","isSuccess":"false","exception":null,"uploadDocumentsResponse":{"status":{"@xmlns:xmlns":"","$":"Failed"},"responseMessage":{"@xmlns:xmlns":"","$":"Exception Occured :- Property name :isOSVEnabled doesn't exists on Document Class: CF_LOANDOCUMENT."}},"filenetResponse":"false"}}}
PURCHASED GOODS	0	2019-01-14 14:28:17	1	{"ProcessedId":"1448132","uploadDocumentResponse":{"uploadDocumentWithAccessCheckResponse":{"@xmlns:xmlns":"http:\\/\\/UCPCF\\/DmsDoctypeAccessAPI.tws","uploadPermission":"Y","isSuccess":"false","exception":null,"uploadDocumentsResponse":{"status":{"@xmlns:xmlns":"","$":"Failed"},"responseMessage":{"@xmlns:xmlns":"","$":"Exception Occured :- Property name :isOSVEnabled doesn't exists on Document Class: CF_LOANDOCUMENT."}},"filenetResponse":"false"}}}
PURCHASED GOODS	0	2019-01-14 14:28:18	1	{"ProcessedId":"1448133","uploadDocumentResponse":{"uploadDocumentWithAccessCheckResponse":{"@xmlns:xmlns":"http:\\/\\/UCPCF\\/DmsDoctypeAccessAPI.tws","uploadPermission":"Y","isSuccess":"false","exception":null,"uploadDocumentsResponse":{"status":{"@xmlns:xmlns":"","$":"Failed"},"responseMessage":{"@xmlns:xmlns":"","$":"Exception Occured :- Property name :isOSVEnabled doesn't exists on Document Class: CF_LOANDOCUMENT."}},"filenetResponse":"false"}}}
PURCHASED GOODS	0	2019-01-14 14:28:19	1	{"ProcessedId":"1448135","uploadDocumentResponse":{"uploadDocumentWithAccessCheckResponse":{"@xmlns:xmlns":"http:\\/\\/UCPCF\\/DmsDoctypeAccessAPI.tws","uploadPermission":"Y","isSuccess":"false","exception":null,"uploadDocumentsResponse":{"status":{"@xmlns:xmlns":"","$":"Failed"},"responseMessage":{"@xmlns:xmlns":"","$":"Exception Occured :- Property name :isOSVEnabled doesn't exists on Document Class: CF_LOANDOCUMENT."}},"filenetResponse":"false"}}}
PURCHASED GOODS	0	2019-01-14 14:28:19	1	{"ProcessedId":"1448136","uploadDocumentResponse":{"uploadDocumentWithAccessCheckResponse":{"@xmlns:xmlns":"http:\\/\\/UCPCF\\/DmsDoctypeAccessAPI.tws","uploadPermission":"Y","isSuccess":"false","exception":null,"uploadDocumentsResponse":{"status":{"@xmlns:xmlns":"","$":"Failed"},"responseMessage":{"@xmlns:xmlns":"","$":"Exception Occured :- Property name :isOSVEnabled doesn't exists on Document Class: CF_LOANDOCUMENT."}},"filenetResponse":"false"}}}
PURCHASED GOODS	0	2019-01-14 14:28:20	1	{"ProcessedId":"1448138","uploadDocumentResponse":{"uploadDocumentWithAccessCheckResponse":{"@xmlns:xmlns":"http:\\/\\/UCPCF\\/DmsDoctypeAccessAPI.tws","uploadPermission":"Y","isSuccess":"false","exception":null,"uploadDocumentsResponse":{"status":{"@xmlns:xmlns":"","$":"Failed"},"responseMessage":{"@xmlns:xmlns":"","$":"Exception Occured :- Property name :isOSVEnabled doesn't exists on Document Class: CF_LOANDOCUMENT."}},"filenetResponse":"false"}}}
PURCHASED GOODS	0	2019-01-14 14:28:21	1	{"ProcessedId":"1448139","uploadDocumentResponse":{"uploadDocumentWithAccessCheckResponse":{"@xmlns:xmlns":"http:\\/\\/UCPCF\\/DmsDoctypeAccessAPI.tws","uploadPermission":"Y","isSuccess":"false","exception":null,"uploadDocumentsResponse":{"status":{"@xmlns:xmlns":"","$":"Failed"},"responseMessage":{"@xmlns:xmlns":"","$":"Exception Occured :- Property name :isOSVEnabled doesn't exists on Document Class: CF_LOANDOCUMENT."}},"filenetResponse":"false"}}}
PURCHASED GOODS	0	2019-01-14 14:28:22	1	{"ProcessedId":"1448141","uploadDocumentResponse":{"uploadDocumentWithAccessCheckResponse":{"@xmlns:xmlns":"http:\\/\\/UCPCF\\/DmsDoctypeAccessAPI.tws","uploadPermission":"Y","isSuccess":"false","exception":null,"uploadDocumentsResponse":{"status":{"@xmlns:xmlns":"","$":"Failed"},"responseMessage":{"@xmlns:xmlns":"","$":"Exception Occured :- Property name :isOSVEnabled doesn't exists on Document Class: CF_LOANDOCUMENT."}},"filenetResponse":"false"}}}
PURCHASED GOODS	0	2019-01-14 14:28:23	1	{"ProcessedId":"1448142","uploadDocumentResponse":{"uploadDocumentWithAccessCheckResponse":{"@xmlns:xmlns":"http:\\/\\/UCPCF\\/DmsDoctypeAccessAPI.tws","uploadPermission":"Y","isSuccess":"false","exception":null,"uploadDocumentsResponse":{"status":{"@xmlns:xmlns":"","$":"Failed"},"responseMessage":{"@xmlns:xmlns":"","$":"Exception Occured :- Property name :isOSVEnabled doesn't exists on Document Class: CF_LOANDOCUMENT."}},"filenetResponse":"false"}}}
PURCHASED GOODS	0	2019-01-14 14:28:24	1	{"ProcessedId":"1448144","uploadDocumentResponse":{"uploadDocumentWithAccessCheckResponse":{"@xmlns:xmlns":"http:\\/\\/UCPCF\\/DmsDoctypeAccessAPI.tws","uploadPermission":"Y","isSuccess":"false","exception":null,"uploadDocumentsResponse":{"status":{"@xmlns:xmlns":"","$":"Failed"},"responseMessage":{"@xmlns:xmlns":"","$":"Exception Occured :- Property name :isOSVEnabled doesn't exists on Document Class: CF_LOANDOCUMENT."}},"filenetResponse":"false"}}}
PURCHASED GOODS	0	2019-01-14 14:28:25	1	{"ProcessedId":"1448146","uploadDocumentResponse":{"uploadDocumentWithAccessCheckResponse":{"@xmlns:xmlns":"http:\\/\\/UCPCF\\/DmsDoctypeAccessAPI.tws","uploadPermission":"Y","isSuccess":"false","exception":null,"uploadDocumentsResponse":{"status":{"@xmlns:xmlns":"","$":"Failed"},"responseMessage":{"@xmlns:xmlns":"","$":"Exception Occured :- Property name :isOSVEnabled doesn't exists on Document Class: CF_LOANDOCUMENT."}},"filenetResponse":"false"}}}
INVOICE	0	2019-01-14 14:28:04	0	NULL
PURCHASED GOODS	0	2019-01-14 14:28:49	2	{"ProcessedId":"1448185","uploadDocumentResponse":{"uploadDocumentWithAccessCheckResponse":{"@xmlns:xmlns":"http:\\/\\/UCPCF\\/DmsDoctypeAccessAPI.tws","uploadPermission":"Y","isSuccess":"false","exception":null,"uploadDocumentsResponse":{"status":{"@xmlns:xmlns":"","$":"Failed"},"responseMessage":{"@xmlns:xmlns":"","$":"Exception Occured :- Property name :isOSVEnabled doesn't exists on Document Class: CF_LOANDOCUMENT."}},"filenetResponse":"false"}}}
INVOICE	0	2019-01-14 14:28:55	1	{"ProcessedId":"1448193","uploadDocumentResponse":{"uploadDocumentWithAccessCheckResponse":{"@xmlns:xmlns":"http:\\/\\/UCPCF\\/DmsDoctypeAccessAPI.tws","uploadPermission":"Y","isSuccess":"false","exception":null,"uploadDocumentsResponse":{"status":{"@xmlns:xmlns":"","$":"Failed"},"responseMessage":{"@xmlns:xmlns":"","$":"Exception Occured :- Property name :isOSVEnabled doesn't exists on Document Class: CF_LOANDOCUMENT."}},"filenetResponse":"false"}}}
PURCHASED GOODS	0	2019-01-14 14:29:49	2	{"ProcessedId":"1448276","uploadDocumentResponse":{"uploadDocumentWithAccessCheckResponse":{"@xmlns:xmlns":"http:\\/\\/UCPCF\\/DmsDoctypeAccessAPI.tws","uploadPermission":"Y","isSuccess":"false","exception":null,"uploadDocumentsResponse":{"status":{"@xmlns:xmlns":"","$":"Failed"},"responseMessage":{"@xmlns:xmlns":"","$":"Exception Occured :- Property name :isOSVEnabled doesn't exists on Document Class: CF_LOANDOCUMENT."}},"filenetResponse":"false"}}}
PURCHASED GOODS	0	2019-01-14 14:29:50	2	{"ProcessedId":"1448277","uploadDocumentResponse":{"uploadDocumentWithAccessCheckResponse":{"@xmlns:xmlns":"http:\\/\\/UCPCF\\/DmsDoctypeAccessAPI.tws","uploadPermission":"Y","isSuccess":"false","exception":null,"uploadDocumentsResponse":{"status":{"@xmlns:xmlns":"","$":"Failed"},"responseMessage":{"@xmlns:xmlns":"","$":"Exception Occured :- Property name :isOSVEnabled doesn't exists on Document Class: CF_LOANDOCUMENT."}},"filenetResponse":"false"}}}
PURCHASED GOODS	0	2019-01-14 14:30:35	2	{"ProcessedId":"1448358","uploadDocumentResponse":{"uploadDocumentWithAccessCheckResponse":{"@xmlns:xmlns":"http:\\/\\/UCPCF\\/DmsDoctypeAccessAPI.tws","uploadPermission":"Y","isSuccess":"false","exception":null,"uploadDocumentsResponse":{"status":{"@xmlns:xmlns":"","$":"Failed"},"responseMessage":{"@xmlns:xmlns":"","$":"Exception Occured :- Property name :isOSVEnabled doesn't exists on Document Class: CF_LOANDOCUMENT."}},"filenetResponse":"false"}}}
PURCHASED GOODS	0	2019-01-14 14:30:42	2	{"ProcessedId":"1448371","uploadDocumentResponse":{"uploadDocumentWithAccessCheckResponse":{"@xmlns:xmlns":"http:\\/\\/UCPCF\\/DmsDoctypeAccessAPI.tws","uploadPermission":"Y","isSuccess":"false","exception":null,"uploadDocumentsResponse":{"status":{"@xmlns:xmlns":"","$":"Failed"},"responseMessage":{"@xmlns:xmlns":"","$":"Exception Occured :- Property name :isOSVEnabled doesn't exists on Document Class: CF_LOANDOCUMENT."}},"filenetResponse":"false"}}}
PURCHASED GOODS	0	2019-01-14 14:30:43	2	{"ProcessedId":"1448372","uploadDocumentResponse":{"uploadDocumentWithAccessCheckResponse":{"@xmlns:xmlns":"http:\\/\\/UCPCF\\/DmsDoctypeAccessAPI.tws","uploadPermission":"Y","isSuccess":"false","exception":null,"uploadDocumentsResponse":{"status":{"@xmlns:xmlns":"","$":"Failed"},"responseMessage":{"@xmlns:xmlns":"","$":"Exception Occured :- Property name :isOSVEnabled doesn't exists on Document Class: CF_LOANDOCUMENT."}},"filenetResponse":"false"}}}
PURCHASED GOODS	0	2019-01-14 14:30:44	2	{"ProcessedId":"1448374","uploadDocumentResponse":{"uploadDocumentWithAccessCheckResponse":{"@xmlns:xmlns":"http:\\/\\/UCPCF\\/DmsDoctypeAccessAPI.tws","uploadPermission":"Y","isSuccess":"false","exception":null,"uploadDocumentsResponse":{"status":{"@xmlns:xmlns":"","$":"Failed"},"responseMessage":{"@xmlns:xmlns":"","$":"Exception Occured :- Property name :isOSVEnabled doesn't exists on Document Class: CF_LOANDOCUMENT."}},"filenetResponse":"false"}}}
PURCHASED GOODS	0	2019-01-14 14:30:45	2	{"ProcessedId":"1448375","uploadDocumentResponse":{"uploadDocumentWithAccessCheckResponse":{"@xmlns:xmlns":"http:\\/\\/UCPCF\\/DmsDoctypeAccessAPI.tws","uploadPermission":"Y","isSuccess":"false","exception":null,"uploadDocumentsResponse":{"status":{"@xmlns:xmlns":"","$":"Failed"},"responseMessage":{"@xmlns:xmlns":"","$":"Exception Occured :- Property name :isOSVEnabled doesn't exists on Document Class: CF_LOANDOCUMENT."}},"filenetResponse":"false"}}}
PURCHASED GOODS	0	2019-01-14 14:30:46	2	{"ProcessedId":"1448377","uploadDocumentResponse":{"uploadDocumentWithAccessCheckResponse":{"@xmlns:xmlns":"http:\\/\\/UCPCF\\/DmsDoctypeAccessAPI.tws","uploadPermission":"Y","isSuccess":"false","exception":null,"uploadDocumentsResponse":{"status":{"@xmlns:xmlns":"","$":"Failed"},"responseMessage":{"@xmlns:xmlns":"","$":"Exception Occured :- Property name :isOSVEnabled doesn't exists on Document Class: CF_LOANDOCUMENT."}},"filenetResponse":"false"}}}
PURCHASED GOODS	0	2019-01-14 14:30:47	2	{"ProcessedId":"1448379","uploadDocumentResponse":{"uploadDocumentWithAccessCheckResponse":{"@xmlns:xmlns":"http:\\/\\/UCPCF\\/DmsDoctypeAccessAPI.tws","uploadPermission":"Y","isSuccess":"false","exception":null,"uploadDocumentsResponse":{"status":{"@xmlns:xmlns":"","$":"Failed"},"responseMessage":{"@xmlns:xmlns":"","$":"Exception Occured :- Property name :isOSVEnabled doesn't exists on Document Class: CF_LOANDOCUMENT."}},"filenetResponse":"false"}}}
PURCHASED GOODS	0	2019-01-14 14:30:48	2	{"ProcessedId":"1448380","uploadDocumentResponse":{"uploadDocumentWithAccessCheckResponse":{"@xmlns:xmlns":"http:\\/\\/UCPCF\\/DmsDoctypeAccessAPI.tws","uploadPermission":"Y","isSuccess":"false","exception":null,"uploadDocumentsResponse":{"status":{"@xmlns:xmlns":"","$":"Failed"},"responseMessage":{"@xmlns:xmlns":"","$":"Exception Occured :- Property name :isOSVEnabled doesn't exists on Document Class: CF_LOANDOCUMENT."}},"filenetResponse":"false"}}}
PURCHASED GOODS	0	2019-01-14 14:30:48	2	{"ProcessedId":"1448383","uploadDocumentResponse":{"uploadDocumentWithAccessCheckResponse":{"@xmlns:xmlns":"http:\\/\\/UCPCF\\/DmsDoctypeAccessAPI.tws","uploadPermission":"Y","isSuccess":"false","exception":null,"uploadDocumentsResponse":{"status":{"@xmlns:xmlns":"","$":"Failed"},"responseMessage":{"@xmlns:xmlns":"","$":"Exception Occured :- Property name :isOSVEnabled doesn't exists on Document Class: CF_LOANDOCUMENT."}},"filenetResponse":"false"}}}
PURCHASED GOODS	0	2019-01-14 14:30:49	2	{"ProcessedId":"1448384","uploadDocumentResponse":{"uploadDocumentWithAccessCheckResponse":{"@xmlns:xmlns":"http:\\/\\/UCPCF\\/DmsDoctypeAccessAPI.tws","uploadPermission":"Y","isSuccess":"false","exception":null,"uploadDocumentsResponse":{"status":{"@xmlns:xmlns":"","$":"Failed"},"responseMessage":{"@xmlns:xmlns":"","$":"Exception Occured :- Property name :isOSVEnabled doesn't exists on Document Class: CF_LOANDOCUMENT."}},"filenetResponse":"false"}}}
PURCHASED GOODS	0	2019-01-14 14:30:50	2	{"ProcessedId":"1448387","uploadDocumentResponse":{"uploadDocumentWithAccessCheckResponse":{"@xmlns:xmlns":"http:\\/\\/UCPCF\\/DmsDoctypeAccessAPI.tws","uploadPermission":"Y","isSuccess":"false","exception":null,"uploadDocumentsResponse":{"status":{"@xmlns:xmlns":"","$":"Failed"},"responseMessage":{"@xmlns:xmlns":"","$":"Exception Occured :- Property name :isOSVEnabled doesn't exists on Document Class: CF_LOANDOCUMENT."}},"filenetResponse":"false"}}}
PURCHASED GOODS	0	2019-01-14 14:30:51	2	{"ProcessedId":"1448388","uploadDocumentResponse":{"uploadDocumentWithAccessCheckResponse":{"@xmlns:xmlns":"http:\\/\\/UCPCF\\/DmsDoctypeAccessAPI.tws","uploadPermission":"Y","isSuccess":"false","exception":null,"uploadDocumentsResponse":{"status":{"@xmlns:xmlns":"","$":"Failed"},"responseMessage":{"@xmlns:xmlns":"","$":"Exception Occured :- Property name :isOSVEnabled doesn't exists on Document Class: CF_LOANDOCUMENT."}},"filenetResponse":"false"}}}
PURCHASED GOODS	0	2019-01-14 14:30:52	1	{"ProcessedId":"1448390","uploadDocumentResponse":{"uploadDocumentWithAccessCheckResponse":{"@xmlns:xmlns":"http:\\/\\/UCPCF\\/DmsDoctypeAccessAPI.tws","uploadPermission":"Y","isSuccess":"false","exception":null,"uploadDocumentsResponse":{"status":{"@xmlns:xmlns":"","$":"Failed"},"responseMessage":{"@xmlns:xmlns":"","$":"Exception Occured :- Property name :isOSVEnabled doesn't exists on Document Class: CF_LOANDOCUMENT."}},"filenetResponse":"false"}}}
PURCHASED GOODS	0	2019-01-14 14:30:53	1	{"ProcessedId":"1448391","uploadDocumentResponse":{"uploadDocumentWithAccessCheckResponse":{"@xmlns:xmlns":"http:\\/\\/UCPCF\\/DmsDoctypeAccessAPI.tws","uploadPermission":"Y","isSuccess":"false","exception":null,"uploadDocumentsResponse":{"status":{"@xmlns:xmlns":"","$":"Failed"},"responseMessage":{"@xmlns:xmlns":"","$":"Exception Occured :- Property name :isOSVEnabled doesn't exists on Document Class: CF_LOANDOCUMENT."}},"filenetResponse":"false"}}}
PURCHASED GOODS	0	2019-01-14 14:30:54	1	{"ProcessedId":"1448393","uploadDocumentResponse":{"uploadDocumentWithAccessCheckResponse":{"@xmlns:xmlns":"http:\\/\\/UCPCF\\/DmsDoctypeAccessAPI.tws","uploadPermission":"Y","isSuccess":"false","exception":null,"uploadDocumentsResponse":{"status":{"@xmlns:xmlns":"","$":"Failed"},"responseMessage":{"@xmlns:xmlns":"","$":"Exception Occured :- Property name :isOSVEnabled doesn't exists on Document Class: CF_LOANDOCUMENT."}},"filenetResponse":"false"}}}
PURCHASED GOODS	0	2019-01-14 14:30:55	1	{"ProcessedId":"1448395","uploadDocumentResponse":{"uploadDocumentWithAccessCheckResponse":{"@xmlns:xmlns":"http:\\/\\/UCPCF\\/DmsDoctypeAccessAPI.tws","uploadPermission":"Y","isSuccess":"false","exception":null,"uploadDocumentsResponse":{"status":{"@xmlns:xmlns":"","$":"Failed"},"responseMessage":{"@xmlns:xmlns":"","$":"Exception Occured :- Property name :isOSVEnabled doesn't exists on Document Class: CF_LOANDOCUMENT."}},"filenetResponse":"false"}}}
PURCHASED GOODS	0	2019-01-14 14:30:56	1	{"ProcessedId":"1448397","uploadDocumentResponse":{"uploadDocumentWithAccessCheckResponse":{"@xmlns:xmlns":"http:\\/\\/UCPCF\\/DmsDoctypeAccessAPI.tws","uploadPermission":"Y","isSuccess":"false","exception":null,"uploadDocumentsResponse":{"status":{"@xmlns:xmlns":"","$":"Failed"},"responseMessage":{"@xmlns:xmlns":"","$":"Exception Occured :- Property name :isOSVEnabled doesn't exists on Document Class: CF_LOANDOCUMENT."}},"filenetResponse":"false"}}}
PURCHASED GOODS	0	2019-01-14 14:30:57	1	{"ProcessedId":"1448399","uploadDocumentResponse":{"uploadDocumentWithAccessCheckResponse":{"@xmlns:xmlns":"http:\\/\\/UCPCF\\/DmsDoctypeAccessAPI.tws","uploadPermission":"Y","isSuccess":"false","exception":null,"uploadDocumentsResponse":{"status":{"@xmlns:xmlns":"","$":"Failed"},"responseMessage":{"@xmlns:xmlns":"","$":"Exception Occured :- Property name :isOSVEnabled doesn't exists on Document Class: CF_LOANDOCUMENT."}},"filenetResponse":"false"}}}
INVOICE	0	2019-01-14 14:30:59	1	{"ProcessedId":"1448402","uploadDocumentResponse":{"uploadDocumentWithAccessCheckResponse":{"@xmlns:xmlns":"http:\\/\\/UCPCF\\/DmsDoctypeAccessAPI.tws","uploadPermission":"Y","isSuccess":"false","exception":null,"uploadDocumentsResponse":{"status":{"@xmlns:xmlns":"","$":"Failed"},"responseMessage":{"@xmlns:xmlns":"","$":"Exception Occured :- Property name :isOSVEnabled doesn't exists on Document Class: CF_LOANDOCUMENT."}},"filenetResponse":"false"}}}
